genre,pearson_signed,spearman_signed,pearson_abs,spearman_abs,exact_top10_iou,threshold_top10_iou_sensitivity,lime_threshold_fraction,energy_shap_spearman_pixel
blues,0.03706652874822613,0.03936704416703996,0.05041965495766429,0.030013474014010083,0.11542390194075587,0.11569710757231069,0.1094970703125,-0.08330847817207077
classical,0.03774297517750097,-0.0012689923246450188,0.026094234772617388,-0.047375394988323175,0.05848142164781906,0.06734006734006734,0.13214111328125,-0.19060691549996348
country,0.16467237998629455,0.14470985974098105,0.21282309498734409,0.1256572882020047,0.186526620789569,0.22905982905982905,0.119384765625,0.12957262572598738
disco,-0.010894494919162716,0.04418726021331846,0.040719187138373455,0.040515750943305555,0.06779661016949153,0.06526133410337857,0.1251220703125,0.005419405758289409
hiphop,0.17333236313005235,0.2077755005838522,0.15268741624746343,0.18238407042103905,0.10787960771051741,0.1471004243281471,0.1474609375,0.09847286414379554
jazz,0.11114959973127937,0.09989569885329537,0.038308608895413945,0.010788508243329458,0.07905138339920949,0.08584070796460178,0.1246337890625,0.027029198826216124
metal,0.2020065842149083,0.23881696244776077,0.11258384646816695,0.1145120196809963,0.08548707753479125,0.09507144940215806,0.129150390625,0.1063225910349135
pop,0.0965278026685023,-0.004275614114810418,0.25362438949982447,0.1394714281868366,0.12732278045423262,0.15210656753407684,0.126953125,-0.01665817960276341
reggae,0.11589927610149199,0.08650382021039274,0.18506291198433306,0.11171510720770034,0.17757009345794392,0.1824160609207338,0.10845947265625,0.018905535275313166
rock,0.037770687534906866,0.1408028688299163,0.007826861328444762,0.087939533809818,0.08011869436201781,0.08614704954244241,0.11004638671875,0.04435043977036056
