genre,filename,band,shap_mean_abs,lime_mean_abs,input_mean_normalized_logmel
blues,blues.00020.wav,B1,0.0012100819636264748,0.10975311,0.68193233
blues,blues.00020.wav,B2,0.0005603287200971485,0.06288363,0.59541595
blues,blues.00020.wav,B3,0.0004083648022947961,0.024128571,0.4448477
blues,blues.00020.wav,B4,0.0007777978232595878,0.033759687,0.26515266
classical,classical.00072.wav,B1,0.0009620801546959074,0.07937653,0.704644
classical,classical.00072.wav,B2,0.00022110286103131372,0.07767434,0.64786613
classical,classical.00072.wav,B3,0.0003016597216790967,0.037467647,0.506751
classical,classical.00072.wav,B4,0.0005813955603602705,0.026553268,0.26390675
country,country.00054.wav,B1,0.0023179574640856517,0.07714752,0.77348506
country,country.00054.wav,B2,0.00048038915367314974,0.027723957,0.62385297
country,country.00054.wav,B3,0.00039573632066162404,0.027396359,0.48986968
country,country.00054.wav,B4,0.0005673198568607549,0.03828012,0.38208565
disco,disco.00095.wav,B1,0.002518570912353635,0.049471684,0.7008134
disco,disco.00095.wav,B2,0.0006496438773673146,0.05566414,0.5410985
disco,disco.00095.wav,B3,0.00042410735776221396,0.03639937,0.46425134
disco,disco.00095.wav,B4,0.0007362218292302011,0.05010138,0.33933902
hiphop,hiphop.00054.wav,B1,0.0015933240553062332,0.090267956,0.6843194
hiphop,hiphop.00054.wav,B2,0.0008090143735318578,0.10646826,0.525657
hiphop,hiphop.00054.wav,B3,0.0004848022236247121,0.07297924,0.41830826
hiphop,hiphop.00054.wav,B4,0.0003482529329254166,0.05252686,0.31914344
jazz,jazz.00079.wav,B1,0.001332943673306275,0.016279902,0.6966637
jazz,jazz.00079.wav,B2,0.0004088948989208169,0.026000256,0.531181
jazz,jazz.00079.wav,B3,0.0006757709518253707,0.026023021,0.452148
jazz,jazz.00079.wav,B4,0.00043187486378497747,0.022173075,0.3585604
metal,metal.00037.wav,B1,0.0006783431407775709,0.013196084,0.79358006
metal,metal.00037.wav,B2,0.00031964523232799193,0.021315034,0.71078444
metal,metal.00037.wav,B3,0.0005140954780257912,0.03005616,0.6539378
metal,metal.00037.wav,B4,0.0005728087015323402,0.026395835,0.4644538
pop,pop.00064.wav,B1,0.001306749626965953,0.014914215,0.60220844
pop,pop.00064.wav,B2,0.0006156785199347592,0.019506533,0.6206047
pop,pop.00064.wav,B3,0.0004001753409152871,0.013749528,0.5178932
pop,pop.00064.wav,B4,0.001201756974339746,0.07992557,0.38093868
reggae,reggae.00015.wav,B1,0.0023529697548350993,0.06857115,0.7269402
reggae,reggae.00015.wav,B2,0.0004288644196407621,0.037755765,0.5779205
reggae,reggae.00015.wav,B3,0.00046114315137239624,0.0315499,0.4477898
reggae,reggae.00015.wav,B4,0.0006835269500400249,0.029530706,0.31766975
rock,rock.00025.wav,B1,0.0014698951724658293,0.013924914,0.7060014
rock,rock.00025.wav,B2,0.00039188688016483715,0.011964123,0.71164703
rock,rock.00025.wav,B3,0.0005072292134600054,0.0148471715,0.65811193
rock,rock.00025.wav,B4,0.0007237002931300626,0.04061314,0.47567663
