genre,filename,k_fraction,orig_conf,masked_conf,conf_drop
blues,blues.00020.wav,0.05,0.9580282,0.32887354,0.6291547
blues,blues.00020.wav,0.1,0.9580282,0.12839797,0.82963026
blues,blues.00020.wav,0.2,0.9580282,0.14912866,0.8088995
blues,blues.00020.wav,0.3,0.9580282,0.15755713,0.80047107
blues,blues.00020.wav,0.5,0.9580282,0.21677785,0.74125034
classical,classical.00072.wav,0.05,0.80692774,0.090357326,0.71657044
classical,classical.00072.wav,0.1,0.80692774,0.10517604,0.7017517
classical,classical.00072.wav,0.2,0.80692774,0.14480416,0.66212356
classical,classical.00072.wav,0.3,0.80692774,0.1291179,0.67780983
classical,classical.00072.wav,0.5,0.80692774,0.18093757,0.62599015
country,country.00054.wav,0.05,0.9028112,0.13874774,0.7640635
country,country.00054.wav,0.1,0.9028112,0.17369042,0.7291208
country,country.00054.wav,0.2,0.9028112,0.16245519,0.740356
country,country.00054.wav,0.3,0.9028112,0.106293805,0.79651743
country,country.00054.wav,0.5,0.9028112,0.085378796,0.8174324
disco,disco.00095.wav,0.05,0.98391795,0.63712627,0.34679168
disco,disco.00095.wav,0.1,0.98391795,0.30686823,0.67704976
disco,disco.00095.wav,0.2,0.98391795,0.15991247,0.8240055
disco,disco.00095.wav,0.3,0.98391795,0.12440906,0.8595089
disco,disco.00095.wav,0.5,0.98391795,0.066611834,0.9173061
hiphop,hiphop.00054.wav,0.05,0.92444277,0.63157773,0.29286504
hiphop,hiphop.00054.wav,0.1,0.92444277,0.5668267,0.35761607
hiphop,hiphop.00054.wav,0.2,0.92444277,0.33905798,0.5853848
hiphop,hiphop.00054.wav,0.3,0.92444277,0.12491,0.7995328
hiphop,hiphop.00054.wav,0.5,0.92444277,0.10592589,0.81851685
jazz,jazz.00079.wav,0.05,0.48876002,0.13163678,0.35712326
jazz,jazz.00079.wav,0.1,0.48876002,0.086286165,0.40247387
jazz,jazz.00079.wav,0.2,0.48876002,0.077143416,0.41161662
jazz,jazz.00079.wav,0.3,0.48876002,0.07073769,0.41802233
jazz,jazz.00079.wav,0.5,0.48876002,0.03572922,0.4530308
metal,metal.00037.wav,0.05,0.58373326,0.06866654,0.51506674
metal,metal.00037.wav,0.1,0.58373326,0.057072196,0.52666104
metal,metal.00037.wav,0.2,0.58373326,0.0769076,0.5068257
metal,metal.00037.wav,0.3,0.58373326,0.08431656,0.4994167
metal,metal.00037.wav,0.5,0.58373326,0.053624593,0.5301087
pop,pop.00064.wav,0.05,0.9144441,0.31429037,0.6001537
pop,pop.00064.wav,0.1,0.9144441,0.11810316,0.79634094
pop,pop.00064.wav,0.2,0.9144441,0.1255635,0.7888806
pop,pop.00064.wav,0.3,0.9144441,0.05633671,0.8581074
pop,pop.00064.wav,0.5,0.9144441,0.02735469,0.8870894
reggae,reggae.00015.wav,0.05,0.66473556,0.12107447,0.5436611
reggae,reggae.00015.wav,0.1,0.66473556,0.17853086,0.48620468
reggae,reggae.00015.wav,0.2,0.66473556,0.18346058,0.48127496
reggae,reggae.00015.wav,0.3,0.66473556,0.15965807,0.5050775
reggae,reggae.00015.wav,0.5,0.66473556,0.2844855,0.38025007
rock,rock.00025.wav,0.05,0.59985065,0.15014888,0.4497018
rock,rock.00025.wav,0.1,0.59985065,0.118536435,0.4813142
rock,rock.00025.wav,0.2,0.59985065,0.07952002,0.52033067
rock,rock.00025.wav,0.3,0.59985065,0.094073534,0.5057771
rock,rock.00025.wav,0.5,0.59985065,0.12824394,0.47160673
