genre,filename,k_fraction,orig_conf_recomputed,masked_conf_recomputed,conf_drop_recomputed,orig_conf_saved,masked_conf_saved,conf_drop_saved
blues,blues.00020.wav,0.05,0.9580282,0.32887354,0.6291547,0.9580282,0.32887352,0.6291547
blues,blues.00020.wav,0.1,0.9580282,0.12839797,0.82963026,0.9580282,0.12839791,0.82963026
blues,blues.00020.wav,0.2,0.9580282,0.14912866,0.8088995,0.9580282,0.14912854,0.80889964
blues,blues.00020.wav,0.3,0.9580282,0.15755713,0.80047107,0.9580282,0.15755704,0.8004712
blues,blues.00020.wav,0.5,0.9580282,0.21677785,0.74125034,0.9580282,0.21677776,0.74125046
classical,classical.00072.wav,0.05,0.80692774,0.090357326,0.71657044,0.80692786,0.09035727,0.7165706
classical,classical.00072.wav,0.1,0.80692774,0.10517604,0.7017517,0.80692786,0.10517597,0.7017519
classical,classical.00072.wav,0.2,0.80692774,0.14480416,0.66212356,0.80692786,0.14480418,0.6621237
classical,classical.00072.wav,0.3,0.80692774,0.1291179,0.67780983,0.80692786,0.12911792,0.67780995
classical,classical.00072.wav,0.5,0.80692774,0.18093757,0.62599015,0.80692786,0.18093754,0.62599033
country,country.00054.wav,0.05,0.9028112,0.13874774,0.7640635,0.9028112,0.13874777,0.7640635
country,country.00054.wav,0.1,0.9028112,0.17369042,0.7291208,0.9028112,0.17369047,0.72912073
country,country.00054.wav,0.2,0.9028112,0.16245519,0.740356,0.9028112,0.1624552,0.740356
country,country.00054.wav,0.3,0.9028112,0.106293805,0.79651743,0.9028112,0.10629384,0.7965174
country,country.00054.wav,0.5,0.9028112,0.085378796,0.8174324,0.9028112,0.08537883,0.8174324
disco,disco.00095.wav,0.05,0.98391795,0.63712627,0.34679168,0.98391783,0.6371262,0.34679163
disco,disco.00095.wav,0.1,0.98391795,0.30686823,0.67704976,0.98391783,0.30686808,0.67704976
disco,disco.00095.wav,0.2,0.98391795,0.15991247,0.8240055,0.98391783,0.15991248,0.82400537
disco,disco.00095.wav,0.3,0.98391795,0.12440906,0.8595089,0.98391783,0.12440907,0.85950875
disco,disco.00095.wav,0.5,0.98391795,0.066611834,0.9173061,0.98391783,0.066611856,0.91730595
hiphop,hiphop.00054.wav,0.05,0.92444277,0.63157773,0.29286504,0.92444277,0.6315778,0.29286498
hiphop,hiphop.00054.wav,0.1,0.92444277,0.5668267,0.35761607,0.92444277,0.5668267,0.35761607
hiphop,hiphop.00054.wav,0.2,0.92444277,0.33905798,0.5853848,0.92444277,0.3390581,0.58538467
hiphop,hiphop.00054.wav,0.3,0.92444277,0.12491,0.7995328,0.92444277,0.12491005,0.7995327
hiphop,hiphop.00054.wav,0.5,0.92444277,0.10592589,0.81851685,0.92444277,0.10592593,0.81851685
jazz,jazz.00079.wav,0.05,0.48876002,0.13163678,0.35712326,0.4887597,0.13163675,0.35712296
jazz,jazz.00079.wav,0.1,0.48876002,0.086286165,0.40247387,0.4887597,0.08628617,0.4024735
jazz,jazz.00079.wav,0.2,0.48876002,0.077143416,0.41161662,0.4887597,0.07714339,0.4116163
jazz,jazz.00079.wav,0.3,0.48876002,0.07073769,0.41802233,0.4887597,0.070737675,0.41802204
jazz,jazz.00079.wav,0.5,0.48876002,0.03572922,0.4530308,0.4887597,0.03572922,0.45303047
metal,metal.00037.wav,0.05,0.58373326,0.06866654,0.51506674,0.58373326,0.068666525,0.51506674
metal,metal.00037.wav,0.1,0.58373326,0.057072196,0.52666104,0.58373326,0.05707218,0.5266611
metal,metal.00037.wav,0.2,0.58373326,0.0769076,0.5068257,0.58373326,0.07690761,0.5068256
metal,metal.00037.wav,0.3,0.58373326,0.08431656,0.4994167,0.58373326,0.084316574,0.49941668
metal,metal.00037.wav,0.5,0.58373326,0.053624593,0.5301087,0.58373326,0.053624593,0.5301087
pop,pop.00064.wav,0.05,0.9144441,0.31429037,0.6001537,0.9144442,0.31429052,0.6001537
pop,pop.00064.wav,0.1,0.9144441,0.11810316,0.79634094,0.9144442,0.11810319,0.796341
pop,pop.00064.wav,0.2,0.9144441,0.1255635,0.7888806,0.9144442,0.12556353,0.7888807
pop,pop.00064.wav,0.3,0.9144441,0.05633671,0.8581074,0.9144442,0.056336716,0.8581075
pop,pop.00064.wav,0.5,0.9144441,0.02735469,0.8870894,0.9144442,0.027354691,0.8870895
reggae,reggae.00015.wav,0.05,0.66473556,0.12107447,0.5436611,0.66473573,0.1210745,0.54366124
reggae,reggae.00015.wav,0.1,0.66473556,0.17853086,0.48620468,0.66473573,0.17853087,0.48620486
reggae,reggae.00015.wav,0.2,0.66473556,0.18346058,0.48127496,0.66473573,0.1834605,0.48127523
reggae,reggae.00015.wav,0.3,0.66473556,0.15965807,0.5050775,0.66473573,0.15965804,0.5050777
reggae,reggae.00015.wav,0.5,0.66473556,0.2844855,0.38025007,0.66473573,0.28448552,0.38025022
rock,rock.00025.wav,0.05,0.59985065,0.15014888,0.4497018,0.5998506,0.15014884,0.44970176
rock,rock.00025.wav,0.1,0.59985065,0.118536435,0.4813142,0.5998506,0.118536405,0.48131418
rock,rock.00025.wav,0.2,0.59985065,0.07952002,0.52033067,0.5998506,0.079520024,0.52033055
rock,rock.00025.wav,0.3,0.59985065,0.094073534,0.5057771,0.5998506,0.09407352,0.50577706
rock,rock.00025.wav,0.5,0.59985065,0.12824394,0.47160673,0.5998506,0.12824397,0.4716066
