filename,true_genre,pred_genre,correct
classical.00072.wav,classical,classical,1
blues.00020.wav,blues,blues,1
metal.00037.wav,metal,metal,1
hiphop.00054.wav,hiphop,hiphop,1
blues.00037.wav,blues,blues,1
country.00043.wav,country,rock,0
jazz.00079.wav,jazz,jazz,1
country.00054.wav,country,country,1
disco.00021.wav,disco,pop,0
rock.00055.wav,rock,pop,0
blues.00001.wav,blues,blues,1
blues.00023.wav,blues,blues,1
pop.00064.wav,pop,pop,1
blues.00098.wav,blues,blues,1
hiphop.00016.wav,hiphop,hiphop,1
disco.00095.wav,disco,disco,1
reggae.00015.wav,reggae,reggae,1
jazz.00062.wav,jazz,jazz,1
metal.00044.wav,metal,metal,1
metal.00035.wav,metal,metal,1
country.00000.wav,country,country,1
metal.00082.wav,metal,metal,1
blues.00095.wav,blues,blues,1
country.00052.wav,country,country,1
metal.00003.wav,metal,metal,1
classical.00095.wav,classical,classical,1
pop.00010.wav,pop,rock,0
jazz.00020.wav,jazz,jazz,1
jazz.00033.wav,jazz,jazz,1
pop.00094.wav,pop,pop,1
disco.00037.wav,disco,disco,1
country.00055.wav,country,country,1
jazz.00045.wav,jazz,jazz,1
hiphop.00091.wav,hiphop,hiphop,1
classical.00043.wav,classical,classical,1
pop.00088.wav,pop,pop,1
rock.00025.wav,rock,rock,1
hiphop.00085.wav,hiphop,hiphop,1
country.00031.wav,country,country,1
disco.00026.wav,disco,disco,1
pop.00025.wav,pop,pop,1
rock.00023.wav,rock,rock,1
pop.00076.wav,pop,pop,1
blues.00075.wav,blues,rock,0
jazz.00085.wav,jazz,jazz,1
reggae.00007.wav,reggae,reggae,1
pop.00054.wav,pop,pop,1
classical.00034.wav,classical,classical,1
hiphop.00039.wav,hiphop,hiphop,1
jazz.00007.wav,jazz,jazz,1
jazz.00035.wav,jazz,jazz,1
rock.00054.wav,rock,pop,0
hiphop.00012.wav,hiphop,hiphop,1
metal.00085.wav,metal,metal,1
pop.00032.wav,pop,pop,1
disco.00007.wav,disco,disco,1
disco.00047.wav,disco,country,0
classical.00022.wav,classical,classical,1
classical.00040.wav,classical,classical,1
reggae.00066.wav,reggae,reggae,1
metal.00036.wav,metal,metal,1
reggae.00079.wav,reggae,reggae,1
reggae.00024.wav,reggae,reggae,1
rock.00005.wav,rock,rock,1
reggae.00086.wav,reggae,hiphop,0
pop.00095.wav,pop,pop,1
rock.00063.wav,rock,pop,0
classical.00027.wav,classical,classical,1
rock.00092.wav,rock,rock,1
metal.00053.wav,metal,metal,1
metal.00064.wav,metal,metal,1
classical.00011.wav,classical,classical,1
reggae.00094.wav,reggae,country,0
pop.00000.wav,pop,pop,1
hiphop.00018.wav,hiphop,hiphop,1
disco.00053.wav,disco,disco,1
pop.00020.wav,pop,pop,1
reggae.00049.wav,reggae,rock,0
disco.00003.wav,disco,rock,0
reggae.00054.wav,reggae,reggae,1
reggae.00050.wav,reggae,reggae,1
hiphop.00051.wav,hiphop,hiphop,1
jazz.00034.wav,jazz,jazz,1
rock.00058.wav,rock,pop,0
reggae.00074.wav,reggae,reggae,1
reggae.00003.wav,reggae,reggae,1
hiphop.00005.wav,hiphop,hiphop,1
jazz.00025.wav,jazz,jazz,1
metal.00028.wav,metal,metal,1
metal.00018.wav,metal,metal,1
pop.00048.wav,pop,pop,1
disco.00060.wav,disco,disco,1
country.00018.wav,country,country,1
rock.00095.wav,rock,rock,1
jazz.00084.wav,jazz,jazz,1
country.00023.wav,country,jazz,0
pop.00058.wav,pop,pop,1
reggae.00090.wav,reggae,reggae,1
metal.00073.wav,metal,metal,1
blues.00076.wav,blues,blues,1
reggae.00022.wav,reggae,reggae,1
reggae.00031.wav,reggae,reggae,1
jazz.00006.wav,jazz,jazz,1
rock.00051.wav,rock,pop,0
disco.00050.wav,disco,disco,1
disco.00075.wav,disco,disco,1
metal.00016.wav,metal,metal,1
disco.00027.wav,disco,pop,0
blues.00052.wav,blues,blues,1
blues.00021.wav,blues,blues,1
classical.00073.wav,classical,classical,1
country.00074.wav,country,country,1
classical.00036.wav,classical,classical,1
country.00016.wav,country,country,1
classical.00032.wav,classical,classical,1
rock.00021.wav,rock,rock,1
reggae.00042.wav,reggae,reggae,1
reggae.00055.wav,reggae,pop,0
disco.00068.wav,disco,disco,1
blues.00063.wav,blues,blues,1
jazz.00009.wav,jazz,jazz,1
rock.00074.wav,rock,rock,1
reggae.00060.wav,reggae,rock,0
classical.00033.wav,classical,classical,1
metal.00038.wav,metal,metal,1
hiphop.00015.wav,hiphop,hiphop,1
metal.00060.wav,metal,metal,1
blues.00087.wav,blues,blues,1
disco.00090.wav,disco,disco,1
metal.00088.wav,metal,rock,0
hiphop.00062.wav,hiphop,hiphop,1
rock.00069.wav,rock,rock,1
jazz.00078.wav,jazz,jazz,1
rock.00003.wav,rock,rock,1
country.00095.wav,country,country,1
disco.00018.wav,disco,pop,0
country.00090.wav,country,country,1
disco.00020.wav,disco,reggae,0
reggae.00098.wav,reggae,jazz,0
jazz.00011.wav,jazz,jazz,1
blues.00032.wav,blues,blues,1
disco.00085.wav,disco,hiphop,0
blues.00088.wav,blues,blues,1
country.00068.wav,country,country,1
hiphop.00029.wav,hiphop,hiphop,1
hiphop.00007.wav,hiphop,hiphop,1
blues.00029.wav,blues,blues,1
classical.00047.wav,classical,classical,1
hiphop.00052.wav,hiphop,hiphop,1
pop.00098.wav,pop,pop,1
classical.00096.wav,classical,classical,1
classical.00081.wav,classical,classical,1
blues.00083.wav,blues,blues,1
rock.00087.wav,rock,rock,1
blues.00002.wav,blues,blues,1
metal.00030.wav,metal,rock,0
jazz.00091.wav,jazz,jazz,1
classical.00007.wav,classical,classical,1
blues.00093.wav,blues,blues,1
disco.00058.wav,disco,disco,1
disco.00063.wav,disco,disco,1
hiphop.00059.wav,hiphop,hiphop,1
jazz.00001.wav,jazz,jazz,1
reggae.00026.wav,reggae,reggae,1
rock.00020.wav,rock,rock,1
rock.00052.wav,rock,country,0
country.00091.wav,country,country,1
pop.00084.wav,pop,pop,1
blues.00060.wav,blues,blues,1
metal.00069.wav,metal,metal,1
jazz.00072.wav,jazz,jazz,1
blues.00059.wav,blues,blues,1
rock.00032.wav,rock,rock,1
pop.00085.wav,pop,reggae,0
classical.00062.wav,classical,classical,1
pop.00004.wav,pop,pop,1
hiphop.00093.wav,hiphop,hiphop,1
country.00067.wav,country,blues,0
disco.00029.wav,disco,disco,1
metal.00007.wav,metal,metal,1
hiphop.00004.wav,hiphop,reggae,0
rock.00083.wav,rock,rock,1
hiphop.00046.wav,hiphop,hiphop,1
classical.00004.wav,classical,classical,1
pop.00017.wav,pop,pop,1
metal.00070.wav,metal,disco,0
country.00096.wav,country,rock,0
jazz.00028.wav,jazz,jazz,1
country.00001.wav,country,country,1
hiphop.00067.wav,hiphop,hiphop,1
classical.00097.wav,classical,classical,1
pop.00062.wav,pop,hiphop,0
pop.00026.wav,pop,pop,1
hiphop.00057.wav,hiphop,hiphop,1
country.00037.wav,country,country,1
country.00069.wav,country,country,1
classical.00006.wav,classical,classical,1
rock.00061.wav,rock,pop,0
country.00089.wav,country,rock,0
