track_id,genre_gtzan,pred_genre,correct
114398,rock,rock,1
84788,rock,rock,1
127296,pop,pop,1
110756,hiphop,hiphop,1
131656,rock,rock,1
136091,rock,rock,1
98549,hiphop,hiphop,1
56460,pop,pop,1
126944,rock,rock,1
64006,pop,pop,1
97989,hiphop,hiphop,1
149078,pop,rock,0
126300,rock,pop,0
123966,hiphop,hiphop,1
119940,hiphop,hiphop,1
114272,hiphop,hiphop,1
61668,hiphop,hiphop,1
121415,rock,rock,1
132779,pop,pop,1
113164,rock,rock,1
123825,rock,rock,1
146724,hiphop,hiphop,1
121867,rock,rock,1
54753,hiphop,hiphop,1
154413,pop,pop,1
97692,hiphop,pop,0
56650,rock,rock,1
91349,pop,rock,0
58215,hiphop,hiphop,1
148246,rock,pop,0
129096,rock,rock,1
95535,rock,rock,1
97988,hiphop,hiphop,1
83715,hiphop,rock,0
12552,pop,rock,0
13218,pop,pop,1
116833,rock,hiphop,0
32882,hiphop,hiphop,1
148285,pop,pop,1
124391,rock,rock,1
73468,pop,pop,1
149102,pop,pop,1
127285,pop,rock,0
51276,pop,pop,1
90570,pop,pop,1
35527,rock,hiphop,0
53937,pop,pop,1
39665,pop,pop,1
48369,rock,rock,1
35539,rock,pop,0
79610,hiphop,hiphop,1
96946,pop,rock,0
98573,hiphop,hiphop,1
104065,pop,pop,1
109350,rock,rock,1
138062,pop,rock,0
121323,hiphop,hiphop,1
36616,pop,pop,1
142083,hiphop,hiphop,1
54621,rock,rock,1
134825,hiphop,hiphop,1
103808,hiphop,hiphop,1
57891,rock,rock,1
82462,rock,rock,1
60476,hiphop,hiphop,1
64626,hiphop,hiphop,1
42914,pop,pop,1
14740,rock,pop,0
52042,pop,rock,0
110410,rock,rock,1
142418,rock,rock,1
72513,rock,pop,0
40139,rock,rock,1
84111,hiphop,hiphop,1
48368,rock,rock,1
64520,hiphop,hiphop,1
51278,pop,rock,0
37730,rock,rock,1
108812,hiphop,hiphop,1
52035,pop,pop,1
132962,hiphop,hiphop,1
27547,pop,pop,1
108495,hiphop,hiphop,1
4780,rock,rock,1
26020,hiphop,hiphop,1
12527,pop,pop,1
18607,rock,pop,0
145746,hiphop,hiphop,1
14745,rock,rock,1
26765,pop,pop,1
182,rock,rock,1
38435,rock,rock,1
110776,hiphop,hiphop,1
66641,pop,pop,1
61591,pop,pop,1
78852,hiphop,hiphop,1
17735,rock,rock,1
137716,rock,rock,1
113034,hiphop,hiphop,1
140621,hiphop,hiphop,1
11268,rock,pop,0
86419,rock,rock,1
137212,rock,rock,1
10,pop,pop,1
2099,pop,pop,1
143989,rock,rock,1
4799,rock,pop,0
11861,hiphop,hiphop,1
69747,pop,rock,0
69824,hiphop,hiphop,1
129674,hiphop,pop,0
62458,rock,rock,1
84291,rock,rock,1
22091,hiphop,hiphop,1
107046,pop,hiphop,0
145027,rock,pop,0
18144,pop,rock,0
7492,hiphop,hiphop,1
119584,pop,pop,1
131773,pop,pop,1
27164,pop,pop,1
7487,hiphop,hiphop,1
108499,hiphop,hiphop,1
71937,rock,pop,0
37417,hiphop,hiphop,1
47921,rock,rock,1
69822,hiphop,pop,0
98565,hiphop,hiphop,1
97569,hiphop,hiphop,1
71252,hiphop,hiphop,1
145258,rock,pop,0
129055,pop,hiphop,0
57437,pop,rock,0
28260,rock,rock,1
138210,rock,rock,1
32695,hiphop,pop,0
123647,hiphop,hiphop,1
43857,hiphop,hiphop,1
137901,hiphop,hiphop,1
109962,pop,pop,1
127303,pop,pop,1
111390,pop,pop,1
110263,hiphop,hiphop,1
150017,pop,hiphop,0
3535,pop,pop,1
98548,hiphop,hiphop,1
123438,hiphop,rock,0
66535,rock,rock,1
96399,rock,rock,1
67558,rock,pop,0
113024,pop,pop,1
59445,pop,pop,1
59454,pop,rock,0
130454,hiphop,hiphop,1
58164,pop,pop,1
119187,pop,hiphop,0
16995,rock,pop,0
98547,hiphop,pop,0
11919,hiphop,hiphop,1
33460,rock,rock,1
144587,pop,pop,1
77571,hiphop,hiphop,1
41825,pop,rock,0
13735,hiphop,hiphop,1
126047,rock,rock,1
25124,pop,pop,1
777,rock,hiphop,0
54234,pop,pop,1
86417,rock,rock,1
138065,pop,rock,0
145067,rock,rock,1
149099,pop,pop,1
127185,pop,pop,1
110735,hiphop,hiphop,1
108505,rock,rock,1
71255,hiphop,hiphop,1
123614,hiphop,hiphop,1
695,hiphop,hiphop,1
54037,pop,rock,0
75751,hiphop,hiphop,1
67333,pop,pop,1
68909,rock,hiphop,0
132795,pop,pop,1
128709,rock,rock,1
18887,rock,rock,1
114415,rock,rock,1
71694,hiphop,hiphop,1
114041,hiphop,pop,0
256,rock,rock,1
147956,rock,pop,0
148288,pop,pop,1
127281,pop,pop,1
113016,pop,hiphop,0
142402,rock,rock,1
111382,pop,rock,0
32326,pop,hiphop,0
126431,pop,rock,0
75754,hiphop,hiphop,1
22475,pop,pop,1
88960,rock,hiphop,0
26017,hiphop,hiphop,1
129973,rock,rock,1
96401,rock,rock,1
95308,rock,pop,0
121320,hiphop,pop,0
114042,hiphop,hiphop,1
1040,rock,rock,1
71241,hiphop,hiphop,1
132790,pop,pop,1
123976,hiphop,hiphop,1
10699,hiphop,pop,0
64008,pop,pop,1
26034,hiphop,hiphop,1
52034,pop,pop,1
33020,rock,rock,1
75784,rock,rock,1
36990,hiphop,hiphop,1
55100,hiphop,hiphop,1
13767,hiphop,hiphop,1
6778,rock,rock,1
145068,rock,rock,1
21404,pop,pop,1
123442,hiphop,hiphop,1
111934,hiphop,hiphop,1
138067,pop,rock,0
71715,rock,rock,1
33538,rock,pop,0
94631,pop,pop,1
133276,rock,pop,0
89704,rock,rock,1
67556,rock,pop,0
39530,pop,pop,1
75937,hiphop,hiphop,1
122911,rock,rock,1
145705,pop,hiphop,0
13566,hiphop,hiphop,1
154307,hiphop,pop,0
19760,pop,rock,0
26012,hiphop,hiphop,1
62586,rock,rock,1
128699,rock,rock,1
54235,pop,pop,1
109973,pop,rock,0
121322,hiphop,rock,0
137899,hiphop,hiphop,1
68820,rock,rock,1
47894,pop,rock,0
46078,hiphop,hiphop,1
138060,rock,pop,0
19187,rock,pop,0
153337,hiphop,hiphop,1
109960,pop,rock,0
87324,pop,pop,1
84605,pop,pop,1
127268,pop,pop,1
78156,hiphop,pop,0
41095,rock,pop,0
110777,hiphop,hiphop,1
96402,rock,rock,1
127274,pop,rock,0
137895,hiphop,hiphop,1
1720,rock,rock,1
129914,hiphop,hiphop,1
141375,hiphop,hiphop,1
124483,pop,pop,1
126429,pop,pop,1
139461,rock,rock,1
98618,hiphop,hiphop,1
123439,hiphop,rock,0
100959,hiphop,hiphop,1
78998,hiphop,pop,0
108502,rock,rock,1
10694,hiphop,hiphop,1
95231,rock,rock,1
137632,rock,rock,1
149124,hiphop,hiphop,1
65755,pop,pop,1
141168,hiphop,hiphop,1
11777,hiphop,pop,0
97987,hiphop,hiphop,1
96657,hiphop,hiphop,1
129372,pop,pop,1
71216,hiphop,pop,0
45122,pop,pop,1
123474,rock,rock,1
61821,rock,hiphop,0
133479,rock,pop,0
114040,hiphop,hiphop,1
112315,rock,rock,1
143221,rock,pop,0
112528,rock,rock,1
108428,pop,pop,1
42844,rock,rock,1
6609,hiphop,hiphop,1
32693,hiphop,hiphop,1
107048,pop,pop,1
122503,pop,pop,1
10805,pop,pop,1
108845,hiphop,hiphop,1
122620,rock,rock,1
20050,rock,pop,0
66539,rock,pop,0
126676,rock,rock,1
47916,rock,rock,1
144937,pop,pop,1
46930,pop,pop,1
58540,rock,rock,1
72131,hiphop,hiphop,1
111402,pop,rock,0
120189,pop,pop,1
58543,rock,rock,1
75390,hiphop,hiphop,1
19417,pop,pop,1
115764,rock,rock,1
48015,rock,pop,0
99345,rock,rock,1
95251,rock,rock,1
129053,pop,hiphop,0
51274,pop,hiphop,0
145199,rock,rock,1
69555,hiphop,hiphop,1
11771,hiphop,hiphop,1
114045,hiphop,hiphop,1
149100,pop,pop,1
29243,pop,rock,0
134824,hiphop,hiphop,1
12521,rock,pop,0
54664,pop,rock,0
114402,rock,pop,0
127559,rock,rock,1
93950,rock,rock,1
71250,hiphop,hiphop,1
71719,rock,rock,1
85308,pop,pop,1
128476,pop,pop,1
19729,hiphop,hiphop,1
67163,rock,rock,1
63226,pop,rock,0
43844,hiphop,hiphop,1
136469,hiphop,hiphop,1
42044,rock,rock,1
86416,hiphop,hiphop,1
24418,hiphop,pop,0
6442,hiphop,hiphop,1
110779,hiphop,hiphop,1
113303,rock,rock,1
98626,hiphop,hiphop,1
63045,rock,rock,1
11783,hiphop,hiphop,1
111371,pop,hiphop,0
67359,pop,pop,1
28479,pop,pop,1
138038,pop,pop,1
32329,pop,pop,1
132961,hiphop,hiphop,1
75746,hiphop,hiphop,1
104068,pop,rock,0
11917,hiphop,hiphop,1
148517,pop,pop,1
122079,rock,rock,1
48990,rock,rock,1
89860,hiphop,hiphop,1
125779,rock,rock,1
108457,pop,rock,0
137426,rock,rock,1
119574,rock,pop,0
75933,hiphop,hiphop,1
145728,hiphop,hiphop,1
127275,pop,rock,0
131452,pop,rock,0
111335,rock,rock,1
110985,rock,rock,1
116389,hiphop,hiphop,1
64841,pop,pop,1
126404,pop,pop,1
132791,pop,pop,1
12387,pop,pop,1
62655,rock,rock,1
43858,hiphop,hiphop,1
73520,rock,rock,1
128927,hiphop,hiphop,1
28274,rock,pop,0
48454,pop,pop,1
40134,rock,rock,1
108968,rock,rock,1
122504,pop,rock,0
141182,pop,hiphop,0
55710,rock,pop,0
21677,pop,rock,0
28477,pop,pop,1
105142,rock,rock,1
131021,hiphop,hiphop,1
137417,rock,rock,1
67366,pop,pop,1
141735,hiphop,hiphop,1
55124,hiphop,hiphop,1
73318,rock,rock,1
54376,hiphop,hiphop,1
32021,rock,rock,1
132781,pop,pop,1
11198,pop,pop,1
135339,pop,pop,1
11790,hiphop,hiphop,1
29255,pop,pop,1
128482,pop,pop,1
106872,rock,pop,0
89178,hiphop,hiphop,1
108842,hiphop,hiphop,1
108500,hiphop,hiphop,1
71372,rock,rock,1
32333,pop,hiphop,0
141164,hiphop,hiphop,1
129919,hiphop,hiphop,1
10669,rock,rock,1
22093,rock,rock,1
130265,pop,pop,1
149626,hiphop,hiphop,1
1883,rock,rock,1
9553,rock,rock,1
53228,pop,pop,1
68601,hiphop,hiphop,1
113020,pop,pop,1
26016,hiphop,hiphop,1
85598,pop,hiphop,0
60736,rock,rock,1
142553,pop,pop,1
11264,rock,pop,0
146148,hiphop,hiphop,1
110265,hiphop,pop,0
121734,pop,pop,1
143215,rock,rock,1
29587,hiphop,hiphop,1
92131,pop,pop,1
73551,hiphop,pop,0
135372,rock,rock,1
29807,rock,rock,1
85425,pop,rock,0
16879,hiphop,pop,0
127290,pop,pop,1
19438,hiphop,hiphop,1
6443,hiphop,pop,0
42911,pop,pop,1
1891,rock,rock,1
92129,pop,pop,1
142091,hiphop,hiphop,1
27802,pop,pop,1
129095,rock,rock,1
127276,pop,pop,1
67233,hiphop,hiphop,1
70409,rock,rock,1
110636,rock,rock,1
43773,pop,pop,1
69745,pop,pop,1
87490,rock,rock,1
141180,pop,hiphop,0
59561,rock,rock,1
51267,pop,pop,1
130170,hiphop,hiphop,1
64364,pop,hiphop,0
112735,rock,rock,1
114050,hiphop,pop,0
138064,pop,rock,0
145711,pop,pop,1
129362,pop,pop,1
111375,pop,pop,1
36988,hiphop,hiphop,1
94102,rock,pop,0
64365,pop,pop,1
37416,hiphop,hiphop,1
120112,pop,pop,1
135337,pop,pop,1
110084,hiphop,hiphop,1
145780,rock,rock,1
130682,rock,rock,1
67007,pop,pop,1
55285,pop,pop,1
129093,rock,rock,1
32760,pop,rock,0
75786,rock,pop,0
121317,hiphop,hiphop,1
95908,hiphop,hiphop,1
112734,rock,rock,1
75747,hiphop,hiphop,1
125722,pop,pop,1
144940,pop,pop,1
72468,hiphop,hiphop,1
5,hiphop,hiphop,1
111306,rock,pop,0
85951,pop,pop,1
69726,rock,rock,1
143218,rock,rock,1
71157,hiphop,hiphop,1
55290,pop,pop,1
63770,hiphop,pop,0
62448,pop,pop,1
63043,rock,rock,1
109355,rock,rock,1
36966,pop,hiphop,0
89847,hiphop,hiphop,1
75752,hiphop,hiphop,1
113513,rock,rock,1
87194,pop,rock,0
62748,pop,pop,1
58334,rock,rock,1
115765,rock,rock,1
137935,rock,rock,1
39663,pop,pop,1
123979,hiphop,rock,0
138039,pop,rock,0
135342,pop,pop,1
69744,pop,rock,0
98557,hiphop,hiphop,1
11781,hiphop,pop,0
72787,hiphop,hiphop,1
44917,rock,rock,1
71242,hiphop,hiphop,1
21996,pop,pop,1
56273,pop,pop,1
13749,hiphop,hiphop,1
52036,pop,pop,1
26298,pop,pop,1
147021,hiphop,hiphop,1
111388,pop,pop,1
54039,pop,pop,1
63470,rock,rock,1
98550,hiphop,hiphop,1
6608,hiphop,hiphop,1
85592,pop,pop,1
122085,rock,rock,1
131552,rock,rock,1
66537,rock,rock,1
9491,rock,pop,0
98025,rock,rock,1
55123,hiphop,hiphop,1
129962,rock,rock,1
97691,hiphop,pop,0
109468,rock,rock,1
145702,pop,pop,1
4108,rock,rock,1
91158,pop,pop,1
113021,pop,pop,1
129970,rock,rock,1
26638,rock,rock,1
149623,hiphop,hiphop,1
143237,pop,pop,1
55097,hiphop,hiphop,1
114037,hiphop,pop,0
123980,hiphop,pop,0
4836,rock,rock,1
1642,pop,pop,1
113530,rock,rock,1
71248,hiphop,hiphop,1
21402,pop,pop,1
3833,rock,rock,1
137567,rock,rock,1
58207,hiphop,hiphop,1
61589,pop,hiphop,0
69723,rock,pop,0
32340,pop,pop,1
75377,hiphop,hiphop,1
57823,hiphop,pop,0
27550,pop,pop,1
137211,rock,pop,0
117883,rock,rock,1
107805,rock,rock,1
142552,pop,pop,1
89192,hiphop,pop,0
146713,hiphop,hiphop,1
64628,hiphop,hiphop,1
22476,pop,rock,0
110778,hiphop,hiphop,1
148287,pop,pop,1
127297,pop,rock,0
112065,rock,rock,1
148586,pop,pop,1
75928,hiphop,hiphop,1
75750,hiphop,hiphop,1
58221,rock,rock,1
3533,pop,pop,1
12173,hiphop,hiphop,1
132963,hiphop,hiphop,1
119939,hiphop,hiphop,1
127912,pop,pop,1
71254,hiphop,hiphop,1
11766,hiphop,hiphop,1
91163,pop,pop,1
91468,pop,rock,0
78847,hiphop,pop,0
127299,pop,rock,0
36643,pop,pop,1
13561,hiphop,hiphop,1
129098,rock,rock,1
10693,hiphop,hiphop,1
139769,rock,rock,1
148289,pop,pop,1
126666,rock,rock,1
71622,rock,rock,1
59876,rock,pop,0
12531,hiphop,hiphop,1
