genre,n,shap_abs_B1_mean,shap_abs_B1_std,shap_signed_B1_mean,shap_signed_B1_std,input_B1_mean,input_B1_std,lime_abs_B1_mean,lime_abs_B1_std,lime_signed_B1_mean,lime_signed_B1_std,shap_abs_B2_mean,shap_abs_B2_std,shap_signed_B2_mean,shap_signed_B2_std,input_B2_mean,input_B2_std,lime_abs_B2_mean,lime_abs_B2_std,lime_signed_B2_mean,lime_signed_B2_std,shap_abs_B3_mean,shap_abs_B3_std,shap_signed_B3_mean,shap_signed_B3_std,input_B3_mean,input_B3_std,lime_abs_B3_mean,lime_abs_B3_std,lime_signed_B3_mean,lime_signed_B3_std,shap_abs_B4_mean,shap_abs_B4_std,shap_signed_B4_mean,shap_signed_B4_std,input_B4_mean,input_B4_std,lime_abs_B4_mean,lime_abs_B4_std,lime_signed_B4_mean,lime_signed_B4_std
blues,19,0.0015302890019360828,0.00048296034749762984,0.000582508059195078,0.0004014596452969631,0.6804453871752086,0.0755642836324081,0.08626480620276089,0.07320539479787455,0.08564799082470713,0.07295065779364712,0.0005077917376890615,8.996193575612374e-05,0.00017397619364753077,0.0001232304523502892,0.5408325054143605,0.09392622574423255,0.04554473570824341,0.024708397371666378,0.038006369841255994,0.026417059160339366,0.0004992690688737743,5.847104538424757e-05,0.0001316819859504241,6.785251161908193e-05,0.4229011755240591,0.1135416199875387,0.024204526240105172,0.008827497505286485,0.01633397072960506,0.011127231287776427,0.0008718941651574728,0.00014544016771318944,0.00025705735249158214,9.12302600636668e-05,0.26524507577874157,0.12660744686788727,0.018713429820237142,0.007951893373226082,0.008028326673849827,0.013268874800955384
classical,20,0.0010649402766732337,0.00037829050285763486,0.0005731404077158835,0.00035008433202426677,0.6538893952965736,0.08983443467090864,0.07693213206697366,0.050551660688583244,0.07106862615722301,0.056489134446419155,0.0002502923317835216,6.638034286296901e-05,1.321675411971113e-05,8.000761415739648e-05,0.6364824742078781,0.06222946931784092,0.07707026873847682,0.03125863766633159,0.07446497015285088,0.03427120755575047,0.00032445034198684943,7.950221227106598e-05,0.0001627095037171536,5.5928749545611183e-05,0.4985815599560738,0.06632924292000139,0.04955607590639456,0.025580171442374622,0.04327181448256928,0.025316252443725165,0.0005891613880610952,9.404177290933251e-05,0.0003062384592771155,9.686668166993048e-05,0.2525403372943401,0.06993167040885034,0.016077720778073158,0.0052998052105572855,-0.011708180752370807,0.007016376929741005
country,15,0.0021168689523976595,0.0005404009933208373,0.0009137943681020571,0.00034909122365338286,0.7119229515393575,0.056113400343946816,0.05096919389836567,0.022373406891302676,0.03878403717455515,0.030741918514571854,0.0005244594602053552,9.045007052821385e-05,0.00015394671081533416,0.0001250995798481064,0.5944619913895924,0.07090842331952277,0.02954372404386477,0.012496676059320172,0.005411242627662144,0.021988924651168387,0.0004743977144722304,5.705162207955651e-05,0.00018640353857816522,6.214788283149484e-05,0.47287295063336693,0.06895691138590991,0.042028336704714335,0.010299507194304731,0.032774377845471644,0.014376918946741068,0.0006484534411021686,0.00015272628447784696,0.00015663263335276054,0.00013021372144188996,0.2952918618917465,0.08038538476947203,0.032333690400259074,0.013457764628015761,0.027535095155389863,0.01564560126310482
disco,13,0.003059755531066693,0.0008650292203766004,0.0011822555318604525,0.0008455243930634404,0.70684925867961,0.04877976720839496,0.047000728708427315,0.025833095002509597,0.015392598242584432,0.04443502017298971,0.0006712224761633231,0.00015986122131392015,0.0002565539630683181,0.0001128809749579423,0.5701956473864042,0.08318126324966049,0.04041478095268032,0.016492085851580175,0.03483838590686546,0.02091262978680541,0.0003796184730123883,8.941749381101686e-05,0.00011481159530487862,9.358125067753504e-05,0.5097344815731049,0.09327874589206084,0.0280014713523369,0.007087887874290771,0.02686854449479063,0.007714531633260228,0.0006868899102525582,0.00012164404533277339,0.0002174691814219144,9.698136955500354e-05,0.3894648506091191,0.058664688296097625,0.02537436932633338,0.009440613075773874,0.021201386527519413,0.012122985525875232
hiphop,19,0.0016849226482433287,0.0004949504778908795,0.0006566675005136901,0.0003599915879865725,0.6696805922608626,0.07317724447198756,0.05345034562532993,0.025355112358717416,0.04785921705750258,0.029141245888443617,0.0007809221529228308,0.00013663352608506764,0.00043924857713377853,0.00019749679769273123,0.5456687870778536,0.06790374584676709,0.05291101701786288,0.025193037274578667,0.05012402308678867,0.025947765062980462,0.00038427529864380674,8.008171220466252e-05,0.0001580753198337412,9.035889540001133e-05,0.4575412493003042,0.06713929036822207,0.030271427428689386,0.01728720817991551,0.02057587733369973,0.01875835686142164,0.00038179983733287545,4.394894201855954e-05,7.691872283856774e-05,6.20400182604926e-05,0.36017020909409775,0.04253280901258154,0.02411698728810471,0.012861417233017628,0.007686489907528375,0.01621877494188926
jazz,19,0.001324519114850966,0.00022512342933240728,0.0004316438881756208,0.0003925543863109612,0.6743132377925672,0.053168738979322845,0.04062758088845667,0.0215729880675789,0.028868464824754792,0.03206225877102412,0.0004659231814254974,6.607502601949043e-05,7.402494762940844e-05,0.0001595951269579534,0.5811646282672882,0.0744448828243987,0.03896495685323181,0.014833128787087632,0.026288561326365954,0.02725820419284287,0.000719992568102049,0.00012304750135607326,0.000335397273908919,0.00015856257931996028,0.44377209010877106,0.06731950107207126,0.04041132931500336,0.01832148477779033,0.0221948155065302,0.02699146389255275,0.00044188184750561206,4.9575552044735986e-05,0.0001873398923512345,8.150890087700359e-05,0.27546715501107666,0.07622339683335966,0.021228338845463424,0.006323163075350464,0.012762855598715366,0.01029415086668159
metal,17,0.0008791027249428672,0.00021793469785229259,0.00030347240478174805,0.0002727742284816897,0.762506951304043,0.03875182017149575,0.021790266183722713,0.008813581240015297,-0.009532376562637395,0.017149471934493683,0.00031008348447129604,4.026211603962237e-05,-4.212496627818755e-05,0.00011284906808505786,0.6516449556631201,0.0599089221134836,0.022893844405989155,0.01018809638206808,-0.020298871918517276,0.011738667174940228,0.0005475202332287076,7.925004721180269e-05,0.0002573925707930837,8.553331658982824e-05,0.6175903292263255,0.06637693181585318,0.047496595716927055,0.012888462739464685,0.037755721490120395,0.012620087460384318,0.000623045522854861,8.849787967843149e-05,0.00030510511936809355,9.090722267864129e-05,0.47099348376778993,0.04313411012994718,0.04079405729469802,0.01162981795002804,0.0389594869380267,0.013444294442240315
pop,17,0.0012882994267391077,0.00022611990091826975,0.00040854311701245293,0.00019972248514043493,0.6332736225689158,0.05031798313314722,0.02970474021687045,0.010496062287713997,0.006812918922209165,0.0187935576092999,0.0005852759066584495,9.373787796029407e-05,0.00010109936282180618,0.0001358733638875341,0.5559439746772542,0.060799263606001984,0.026226037819122423,0.009938678575930428,0.0037939894855991206,0.016600234693701445,0.0003657386168597714,5.6978424872799787e-05,7.508445778760584e-05,4.1700172343657836e-05,0.45421912915566387,0.05835629943474648,0.02054513285848711,0.00750197642343562,0.0019822347095068034,0.010702838408231328,0.0013991055256911788,0.00024892293666118085,0.00047731189356709967,0.0001381065805141793,0.38639965653419495,0.055145424250318494,0.08611369927684265,0.023304837402847115,0.07477791353655877,0.024872101099793698
reggae,14,0.0019562190674440477,0.0003216126108065888,0.0006800590903328471,0.00048562852582005286,0.6628742047718593,0.05585107134547851,0.05149078031757907,0.024869754509225257,0.03070981700896234,0.03609393235433404,0.0005028834904030778,6.643834787408898e-05,0.00011779864115921642,9.421262812794775e-05,0.5326915234327316,0.04376986637125633,0.02952852033331797,0.011769693439964826,0.0056261396933341415,0.019419318113543485,0.00048487108713791423,7.158669366482931e-05,0.00015827888257464664,8.62923396073889e-05,0.4658304069723402,0.0420336718846017,0.031066921778203,0.01297770811213709,0.0237182967495554,0.015492656343097613,0.0007093301573604632,0.00012538998916544988,0.0002522758062583573,0.0001176293632713044,0.30873332917690277,0.03501882569521335,0.04213469242363386,0.02723645780881709,0.0371064919080575,0.02933004403966197
rock,13,0.001923723675082045,0.0003580601702189059,0.000911104351504289,0.0004974491859289121,0.7512095157916729,0.03274892008751253,0.02811765713924411,0.014394541322644085,0.013825144842060596,0.021942685659180866,0.0005017893954162579,9.16007306360374e-05,-7.856379992086322e-05,0.00013725636317509087,0.6771011902735784,0.05065993383240647,0.02085127814837456,0.009692588509812505,0.004367802496800077,0.01216661859872265,0.0005130490432319484,9.760293721258853e-05,0.0001615593426732466,0.00010088822357589966,0.5937573244938483,0.06929932780642878,0.018710889414181302,0.006489915454224607,0.008499523702309332,0.01006953207669756,0.0007680278924149649,0.00017569893991183628,0.0002383596041069592,6.852443169399031e-05,0.4289553486383878,0.06765446167109937,0.04505306802545064,0.012533178114642895,0.04290289387659384,0.013152965848760051
