filename,genre,shap_abs_B1,shap_signed_B1,input_B1,lime_abs_B1,lime_signed_B1,shap_abs_B2,shap_signed_B2,input_B2,lime_abs_B2,lime_signed_B2,shap_abs_B3,shap_signed_B3,input_B3,lime_abs_B3,lime_signed_B3,shap_abs_B4,shap_signed_B4,input_B4,lime_abs_B4,lime_signed_B4
classical.00072.wav,classical,0.0009869156908917098,0.0008250883849235003,0.7046440243721008,0.07851005585984194,0.07851005585984194,0.0002215839897957761,1.0551063954361561e-05,0.6478661298751831,0.07911564423498887,0.07911564423498887,0.0002996076095618594,0.0001323424783114968,0.5067510008811951,0.03960992660567783,0.027896567276996048,0.0005681583254603283,0.00025425912964440286,0.2639067471027374,0.025645129122889482,-0.02064244377738782
blues.00020.wav,blues,0.0011339946047306704,0.0006640131341675293,0.6819323301315308,0.10440925475115152,0.10440925475115152,0.0005566273511536018,0.00036365655265681307,0.5954159498214722,0.06295918368931978,0.06072893551908089,0.0004092895814227804,0.00013437132973340482,0.4448477029800415,0.02409318441099525,0.020246088303869404,0.0007674544248405298,0.00038742861170416924,0.2651526629924774,0.03504980323750453,0.033962892340018876
metal.00037.wav,metal,0.0006933760694833868,0.0002914935053695888,0.7935800552368164,0.014836571559263295,-0.01171750441388641,0.0003114100375636697,-7.604315726666421e-05,0.7107844352722168,0.018840556997636787,-0.01838493748379173,0.0005083861430287606,0.00012792120122272045,0.653937816619873,0.028175039379743683,0.01635480709679208,0.0005716217632444707,0.0003164586507563751,0.464453786611557,0.025246547042251776,0.02469941997932398
hiphop.00054.wav,hiphop,0.0015843334639021127,0.0010980715340791398,0.6843193769454956,0.08916015795033579,0.08916015795033579,0.0007977387214021609,0.0004829500487538968,0.5256569981575012,0.10787490426109951,0.10787490426109951,0.00047140178882870617,0.00027572578633585114,0.4183082580566406,0.07291936182507353,0.06848515028952987,0.0003454278208798892,2.6164784795154893e-05,0.3191434442996979,0.051373590497776345,-0.024874503916052695
blues.00037.wav,blues,0.001995353509307324,0.0004653868875550249,0.4656113088130951,0.14230667426472468,0.13639443833078632,0.0006971462314664057,0.0002796998032414622,0.33441489934921265,0.0841207295230039,0.0561347004455864,0.0004751396118046766,5.0868351022630154e-05,0.19832125306129456,0.032171145698829264,-0.0011165881733780547,0.0008405991279853003,0.00023166588305259064,0.08527485281229019,0.013938479267682885,0.010555136247158778
jazz.00079.wav,jazz,0.0013236566579353682,-0.00021432607567350992,0.6966636776924133,0.014523902441774289,-0.014523902441774289,0.0004150429833721936,-9.166412564732828e-05,0.5311809778213501,0.029668903797626024,-0.02912680420977416,0.0006840260419593635,0.00032023169884999646,0.4521479904651642,0.02171863484510793,0.005313824010205577,0.00044365580669916346,0.00016528503253888127,0.3585604131221771,0.019848235657538647,0.005852942344198388
country.00054.wav,country,0.0023685680726971193,0.0015298876089162583,0.7734850645065308,0.06911166636968155,0.06895200521752269,0.0004787247256084759,0.00014847710908945654,0.6238529682159424,0.024873584326096036,0.00395859296281494,0.00039546629139545765,0.00011414896489544523,0.4898696839809418,0.029939249125395508,0.00884844563223507,0.0005731882284242783,0.00015281693166395322,0.3820856511592865,0.03860927764191252,0.03318501727501814
blues.00001.wav,blues,0.0012602961847795412,2.754906817461489e-05,0.6752204895019531,0.04106113961127639,0.04106113961127639,0.0005412757804150736,7.476313253480526e-05,0.44846898317337036,0.02430265137133672,0.022833975664662914,0.0005038022401485682,0.00012402353387870602,0.32615211606025696,0.017167654083766942,0.011849330745729178,0.0009158361713701007,0.00017120862218573835,0.1885649412870407,0.018064800231936944,-0.013895562767709016
blues.00023.wav,blues,0.0010125010255129575,0.00047421106798930526,0.705898106098175,0.09616064605018496,0.09106049751389593,0.00046435581938309155,0.00022320031090999616,0.5608782768249512,0.045702037947683474,0.026646178456186064,0.00048820802376082774,0.00019627560952068857,0.40071991086006165,0.04042201020399987,0.0327956967708777,0.0007912058427236631,0.0002740680600705151,0.19334888458251953,0.023902213598255912,0.016303482896179677
pop.00064.wav,pop,0.0012913453045878321,0.0003925929856785082,0.6022084355354309,0.014034418600213863,-0.0009123867832369036,0.0006150602248719772,0.0002327057474374006,0.6206046938896179,0.017154517427094,0.01301531714029242,0.00039255609358339826,0.00014382806180073926,0.5178931951522827,0.014778901491871478,0.006233540035928853,0.0012101205689507173,0.00041406479012241065,0.38093867897987366,0.08026127849056043,0.07720834491549401
blues.00098.wav,blues,0.0018290809585998602,0.0006491707866260299,0.7727929949760437,0.026164278693679367,0.026068403258470596,0.0004342705873179815,-2.5400678250824676e-05,0.6526929140090942,0.011586077134280944,0.00623859876238368,0.0005238908092671458,-4.483563501985754e-06,0.5789927840232849,0.009398967432954743,0.00015553440723275468,0.0007198257126361657,0.0001416510581166199,0.41591140627861023,0.005983805562200471,-0.0033066981006363108
hiphop.00016.wav,hiphop,0.0019274026304546333,0.0008561318767253745,0.6371513605117798,0.05128815373410851,0.05128815373410851,0.0006914310704141391,0.00040128687678293585,0.5127829313278198,0.04800663578232275,0.04800663578232275,0.00039649125569527486,7.645047956869266e-05,0.44558483362197876,0.0192888108869715,0.002219425735637356,0.00040723131828662024,9.332176583431301e-05,0.34478089213371277,0.015273872399178013,0.011097817543093148
disco.00095.wav,disco,0.0024974220141302794,0.0012135712050621804,0.7008134126663208,0.06005503030355697,0.013873738254568183,0.0006614850462415056,0.0004452342681227073,0.5410984754562378,0.055324016124712175,0.04841881340881575,0.00042007567791876757,0.0001358769361266776,0.4642513394355774,0.03676348362261285,0.035657225284050326,0.0007248110238628353,0.00038517174770615867,0.339339017868042,0.049997144040337026,0.049997144040337026
reggae.00015.wav,reggae,0.00233342911698049,0.0008606878078195379,0.7269402146339417,0.061510184695819294,0.05730586652749483,0.000422848575627191,5.4172730799981195e-05,0.5779204964637756,0.03411294696133852,0.015324510702754974,0.00046918325630748714,0.00010030821120199929,0.4477897882461548,0.029370746801139314,0.019796064665726407,0.0006891480890783893,0.0002050887766862902,0.31766974925994873,0.026401344690318563,0.018264867383492766
jazz.00062.wav,jazz,0.0011158925288686117,0.00016717820861624765,0.6508405804634094,0.008920653451293233,0.0018645229130721404,0.000415977451809324,-6.0305049910702734e-05,0.6073809862136841,0.034048901597599705,0.01171401972144466,0.0008058076954594807,0.000496487543318197,0.4850504994392395,0.05752613109025623,0.046740668457921304,0.00039278439384926215,-1.7375351044717375e-05,0.30458754301071167,0.019051796926614392,-0.006638106761879602
metal.00044.wav,metal,0.0008637959221132529,0.0007074972671687885,0.7655338048934937,0.022157882569417083,0.008051451239887458,0.0002464826956508459,1.663611718995539e-05,0.6163400411605835,0.02314615249108059,-0.01708561874418186,0.0006415375120850685,0.00032856003938215974,0.6443355083465576,0.06178557170585458,0.05085209373361401,0.0006478870664797983,0.0003373935125740764,0.4772287607192993,0.04449829723730218,0.04449829723730218
metal.00035.wav,metal,0.0013368743575634667,0.000377449868171098,0.7887802124023438,0.028035925637828574,0.0008730362994762242,0.00029045721265843615,-8.830329440432248e-05,0.6415671110153198,0.030754532746390152,-0.02868787883715277,0.0005217066547491883,0.000301383632420949,0.6136573553085327,0.0607778860615467,0.04872338627083041,0.0007016559352738238,0.0003593964486776277,0.5086362957954407,0.05467046030336342,0.054610478674756574
country.00000.wav,country,0.0015307517296657025,0.0009065476859541732,0.695877194404602,0.061689312767333346,0.05947475844937178,0.0005094932885539527,3.225580291933427e-05,0.5541107058525085,0.024242834537870912,-0.005955885195593154,0.0005255463360231749,0.00025079506675998345,0.4178471267223358,0.054403779750705414,0.05083576090790723,0.0006488401213354059,0.00020291072594729476,0.35563430190086365,0.04569479189089882,0.04340779586853241
metal.00082.wav,metal,0.0009740336408327055,0.0006834561843873432,0.7685204744338989,0.017021071197054417,-0.0008355987552334909,0.00034550754430926476,-0.00015651496611126525,0.6754288673400879,0.02999301578112587,-0.027829277969415235,0.00048285277278364624,0.00017486153277764593,0.622333288192749,0.051375430089783854,0.026710128501098697,0.0006479858638650434,0.00041181072593524104,0.43069759011268616,0.04797613486172054,0.046634520668403824
blues.00095.wav,blues,0.0013443717249694842,0.0006956300261576232,0.7427006363868713,0.05167944885695812,0.05167944885695812,0.0004784265755359507,0.00022513069650704766,0.6255693435668945,0.03586834459238414,0.030283278185964775,0.000439947218986001,7.381658531214974e-05,0.4672192633152008,0.013537416301786094,0.003701677944530399,0.0008261902565227681,0.0002448118770820411,0.2793686091899872,0.01577358557097551,0.0008028687408634412
country.00052.wav,country,0.002732434451136001,0.0014748896191751014,0.7489397525787354,0.08774704657180495,0.08412715717161402,0.00043190794336029904,0.0001849160887540169,0.5578193664550781,0.05006764246329385,0.017309128384152654,0.0005260641498259452,0.00029392417943703423,0.40663474798202515,0.05886673241687069,0.053028357998623585,0.0006068363333398448,0.00012461331517825067,0.2287035435438156,0.025569968412784656,0.020851000750594716
metal.00003.wav,metal,0.0009512676203922155,0.00048020662458192476,0.7599329948425293,0.013843809500325436,-0.006349758349496118,0.0003188030124541191,-2.3495491845187956e-06,0.6168701648712158,0.021699581854567905,-0.01565091403921175,0.0006037239028338681,0.00036211365471885195,0.6348223686218262,0.05989510007275513,0.055489216189433914,0.0006840430179115012,0.0003124396772284154,0.49793073534965515,0.05300053923062855,0.05300053923062855
classical.00095.wav,classical,0.0016131171051628535,0.001237259472909802,0.6312533617019653,0.25022986430162447,0.25022986430162447,0.0002138618154059392,3.0476214674227814e-05,0.5610729455947876,0.11648663958657426,0.11648663958657426,0.00033516464711520283,0.00019905147704596922,0.48600050806999207,0.044418117905444726,0.04054403765375186,0.0005041374031536419,0.0003103695606898743,0.2729339897632599,0.01105208638367846,-0.006144332813615492
jazz.00020.wav,jazz,0.0014443637219022864,0.00041917799849069406,0.7086494565010071,0.01565453295162204,0.009641425059724863,0.0006171903055887274,-0.0003108529501099688,0.46383658051490784,0.01956537629291944,-0.017535297516742217,0.0005497654676135328,0.0001297334299168168,0.3635556697845459,0.019376109687772376,-0.004693748377567041,0.0003961216305302708,0.00025210101615133945,0.2154274582862854,0.01835373975737918,0.01805807458386433
jazz.00033.wav,jazz,0.0011827305329999733,-7.648791373351671e-05,0.6548814177513123,0.02717818008977286,-0.019008425975882103,0.0005837084223400014,-0.0001323748448169737,0.518902599811554,0.021671825209513933,0.003222894619104201,0.0007859412615367201,0.0004518168770154429,0.3905937969684601,0.02958045462689801,0.026955219983234156,0.0005238124509900679,0.00032532442361406927,0.18335039913654327,0.026228145954914656,0.02462817754182998
pop.00094.wav,pop,0.001111325320463874,0.0002835999733383554,0.5683034062385559,0.022642801112365673,0.01452213628851442,0.00046165703643195053,0.00017031260733009202,0.6221361756324768,0.022194774158232945,0.014911654971449733,0.00037825610724526724,7.770864933659638e-05,0.5358409285545349,0.02110266978332318,-0.0077729689958305915,0.0016072958406718046,0.0005134097548093602,0.4256044328212738,0.09696349959943316,0.07593245469107855
disco.00037.wav,disco,0.002797153799634344,0.0015488035130253764,0.6426817178726196,0.02891190491894488,0.012849633913798956,0.000541985940929697,0.00017886647742027667,0.5159173607826233,0.034962825089281085,0.030062155397455825,0.00030860133757270675,1.6075978815433824e-05,0.4648081958293915,0.025677550644034097,0.02530948580641863,0.0005561410588549899,0.00021805528708122973,0.3678896725177765,0.021557668887222704,0.007038297535565689
country.00055.wav,country,0.0027134022741098105,0.0009301479677194635,0.79312664270401,0.04670822748799332,0.04670822748799332,0.0007069248390297933,0.00041490159948500137,0.7164389491081238,0.02944344024178595,0.02330204453101837,0.0005322788239515872,0.00013791726283950785,0.6023998856544495,0.03278709343968512,0.02258175733406536,0.0009421295592370813,0.00040047041921537654,0.43504783511161804,0.04865815395081744,0.04865815395081744
jazz.00045.wav,jazz,0.0010221310148704088,0.0002980624092013162,0.6691654920578003,0.032387610207806464,0.019951370429225766,0.0004703678404756939,0.00022188167134995496,0.633802592754364,0.04518547427792419,0.03822702054252413,0.0006386100990308452,0.00037554160751581247,0.44432345032691956,0.06802039109652193,0.05989131842940911,0.0004594770669083398,0.00022867062624224352,0.18715856969356537,0.024385830729358432,0.018647531186168863
hiphop.00091.wav,hiphop,0.002121183267799509,0.0010090191590112596,0.6147091388702393,0.061995357165035805,0.061995357165035805,0.0007743925978069388,0.0005712170483868295,0.5777583718299866,0.053659434684189766,0.053659434684189766,0.00032083485787523405,0.00013147031338037296,0.528302013874054,0.019756070404967675,0.018998028323017734,0.00035025504688524753,9.435522794975018e-05,0.42126548290252686,0.01364672183190347,0.008653909819778852
classical.00043.wav,classical,0.0013987481594039286,0.0005198535661957715,0.57684326171875,0.04874580726079136,0.04874580726079136,0.00023357775440835046,4.505176179691387e-05,0.6413403749465942,0.08485861417906519,0.08485861417906519,0.0003207807120772227,0.00018528765808943748,0.49101799726486206,0.06614208520746861,0.062360491109643076,0.0006155860716271037,0.00036417784946296783,0.21048617362976074,0.010631657716421486,-0.00225397361296804
pop.00088.wav,pop,0.0016593021874619029,0.0005631302515852366,0.5600248575210571,0.030881574100092245,0.00067950517996082,0.0007906501427644042,8.76654191857007e-06,0.4799279570579529,0.022533645510215857,0.0037434624677004,0.0003775585554199551,6.441824501392468e-05,0.4082949161529541,0.02824136431816826,-0.009542040040366285,0.0013938866999642808,0.0003598642827973627,0.3942234516143799,0.08616441636025239,0.0664321122351137
rock.00025.wav,rock,0.0014361518831782938,0.00043970074235657466,0.7060014009475708,0.007409161112867485,0.004521832964080273,0.0003720378688673753,-0.00010958750701712261,0.7116470336914062,0.0065802137587216755,0.0024239947029663783,0.0005089095145291677,0.0001804737342416063,0.6581119298934937,0.014573443884363315,0.008026164927903714,0.0007154077561483313,0.0001910903253738291,0.47567662596702576,0.04260550122934482,0.03944642162380372
hiphop.00085.wav,hiphop,0.001994335083232457,0.0008929723364847319,0.6680606603622437,0.07144200941229009,0.0704258421491335,0.0006006960364949521,0.00025932445750695974,0.6057488918304443,0.047625589825866274,0.04637669589579498,0.00032918968003358947,0.00013899435506469298,0.5333672165870667,0.018505165164342516,0.013981398339618183,0.00034310482638405613,0.0001574909974839288,0.40892425179481506,0.02119224592240711,0.019317361923717465
country.00031.wav,country,0.001499932713227281,0.0008108696526036852,0.6928585767745972,0.030730718264238,0.02604138381092559,0.0004588303890743002,0.00022932306586381999,0.645913302898407,0.028335622307525177,0.015384531326933477,0.0004202096160395333,0.0001934303193021078,0.5512236952781677,0.04045614272982893,0.035331375371117656,0.0008032242963679862,0.0002950356851547005,0.36347123980522156,0.04720239195284398,0.04361187027575978
disco.00026.wav,disco,0.0014413329483634828,-0.00014268877941217006,0.7117230296134949,0.029636412268845197,-0.026175139772946193,0.000637243662425968,0.0001233421774514465,0.5238326787948608,0.013687545240349838,0.004582972864854724,0.00034226359492178836,0.00011400205005680341,0.4513203501701355,0.018661742958238966,0.018661742958238966,0.0006367437515317371,0.00019912455047252595,0.3238808214664459,0.013565554111223526,0.009440824605464354
pop.00025.wav,pop,0.0011050996194950536,0.0002420256157061651,0.6620182991027832,0.0109624677422714,0.007429173133259114,0.0004669114744142111,0.00016675429216387317,0.5404778718948364,0.014110323811913923,0.007787390745337103,0.0003355892819192491,8.205902682428323e-05,0.3914525508880615,0.0151135058750104,-0.00018046639812071663,0.0010978456601785462,0.00023283173550647795,0.3089563548564911,0.05338546850292835,0.029729071404867417
rock.00023.wav,rock,0.0014991079397613572,0.0009877751502039179,0.748984158039093,0.01813582274514202,0.008875099969411365,0.0003781871890668892,-0.0001822702790603231,0.693723738193512,0.016576941810042527,-0.007631279430339896,0.0004180819789731055,0.00011476904963286627,0.6053407192230225,0.01749246780303412,0.0057545287626718684,0.0010564706941501671,0.00022400490354987368,0.5205956697463989,0.04764019662152741,0.04271154297048015
pop.00076.wav,pop,0.0012362739757381114,0.0005747235818962971,0.6940597295761108,0.03377218639606085,0.0037371889928011874,0.0006706897132864875,-0.00012118160382482702,0.4452717900276184,0.03402772750940951,-0.031762260031919634,0.00034175140317738303,1.3001410906540445e-05,0.4292813837528229,0.01723726324381048,-0.010869298218793783,0.0015239419393422264,0.0005609170084399178,0.4120490849018097,0.10134031396834986,0.0812734850864394
jazz.00085.wav,jazz,0.00178926925143017,0.0009627476451377958,0.6044248342514038,0.07056764483110693,0.07056764483110693,0.0005125784763082674,2.2992024930157395e-05,0.5920843482017517,0.06661781835543905,0.06661781835543905,0.00071357380198809,0.00021067480209166378,0.4669199287891388,0.03453981447026101,-0.005775250471447535,0.0005022256522481967,0.0001225668397682901,0.38378027081489563,0.017758456203640065,0.0009348954844689503
reggae.00007.wav,reggae,0.0021861702447153243,0.001295146039662054,0.6372638940811157,0.07659619014325289,0.06369534612912106,0.0004901219492154607,0.0002140065796744861,0.5614092946052551,0.02725995393240288,0.0005810711687647664,0.0004973445520535005,0.0002866751870235859,0.47338631749153137,0.03059178992083291,0.028892497397058438,0.0007244157892378292,0.00034661024888792136,0.2768324017524719,0.0403492322013272,0.038199606537566995
pop.00054.wav,pop,0.0010534062973315272,0.00039174757832309836,0.5882219076156616,0.017630737656056567,0.006146885201598866,0.0005709422572420242,1.3647709660535856e-05,0.562696635723114,0.016892508069375835,-0.013780535480869046,0.00033108765298788033,9.741919359319562e-05,0.46328216791152954,0.01894321232202563,0.00701354764176162,0.001533837144682848,0.0006729270103222913,0.42872974276542664,0.07816186546243607,0.07653660990800266
classical.00034.wav,classical,0.0007455809257703617,0.00059651202455423,0.7280266880989075,0.05937722649268031,0.05899867055118295,0.0002361403698945344,2.2158914996010803e-05,0.685544490814209,0.0664470568972927,0.06616374273725487,0.000303666313368435,0.0001675475042371058,0.5388725996017456,0.04150414314047683,0.03756616303956182,0.0005801542927585864,0.00036836934451541073,0.257036954164505,0.011746259412392579,-0.006563543744571142
hiphop.00039.wav,hiphop,0.0022559053352568135,0.0006225960144322195,0.4805813431739807,0.07966768346614239,0.06518634845850897,0.0007142302798675449,6.806899478859486e-05,0.4238993227481842,0.07259835559335123,0.05711565167561551,0.0005879827725431353,0.0003081892878318049,0.3097723126411438,0.05338989174925381,0.04472567018079598,0.00048121792178838313,0.00013583763506228955,0.2931901216506958,0.03157956583746139,0.02371358848597355
jazz.00007.wav,jazz,0.0012494440943928709,0.00011668973236851343,0.6386861801147461,0.025411101788548007,0.011952958959417401,0.00032302753821556173,6.7890220214444906e-06,0.541519284248352,0.027311530168828334,0.00987776377915247,0.0006797385934611295,0.00020567262392314156,0.3455427587032318,0.03312098589250954,0.002663343859125805,0.000417281282224261,0.00019173676147218183,0.15623591840267181,0.018056179815314207,0.012834993494989108
jazz.00035.wav,jazz,0.0013496393909355308,-8.995938418210336e-05,0.7927396893501282,0.03856186757888909,-0.006217177900705763,0.00041349385426888986,5.244372949030074e-05,0.6964110136032104,0.02547889841179843,-0.009517333917891084,0.0006999606964678295,0.00028468741135419197,0.49325671792030334,0.04245993947288027,0.024606827121762462,0.0004502822570046569,0.00027143886168430376,0.2235107272863388,0.03242311280915596,0.03212934643922061
hiphop.00012.wav,hiphop,0.0021417524832918035,0.0004158918899930697,0.7533175349235535,0.028196559981289154,0.028196559981289154,0.0007822030726110629,0.0003915385717463504,0.6516130566596985,0.02397093722050231,0.02397093722050231,0.00033993107665068273,6.548291892633479e-05,0.5649539232254028,0.011965325627387984,0.00770457579146812,0.00032639532033000373,0.00010820961546067608,0.40190717577934265,0.006650091996956508,0.0048602428840558804
metal.00085.wav,metal,0.0006395592333743094,0.00016148522244014974,0.7060106992721558,0.021540656571502025,-0.01896674063239979,0.00029219741720358793,8.721776353637356e-05,0.6133631467819214,0.008628987819827212,-0.008158110294311575,0.00042466469121934467,0.00011685629325179192,0.5609913468360901,0.01925516770735146,0.018053176883475693,0.0005671853916511248,0.00029619817493723,0.4371839463710785,0.03166883692217105,0.03034438518364972
pop.00032.wav,pop,0.0014565541684507354,0.0006060910455240986,0.6363791227340698,0.0404073319126134,-0.008270322238800091,0.0006525956459081606,-0.0001303415963216814,0.5262411236763,0.03682122842663753,-0.0007311343829481273,0.0003505362942325263,9.172420093504385e-05,0.45724034309387207,0.038156837866801505,0.025093944980639025,0.0018561806801192366,0.0007126936170330812,0.45708608627319336,0.1189014036634201,0.11253912264885364
disco.00007.wav,disco,0.0024501819193834427,0.0005994352751980791,0.672607958316803,0.022455001592930228,0.01234035470044277,0.0005455564440962956,0.00018850243576994384,0.5633178353309631,0.021179156856098336,0.017781123999824552,0.00032209949924213305,6.625906937277298e-05,0.5038880705833435,0.02114681005571699,0.02061041193342977,0.0006467252254351817,0.00019137488077062997,0.3978080451488495,0.01638616514065973,0.013320572314434056
classical.00022.wav,classical,0.0012673157152484737,0.0007229614429247189,0.5850340127944946,0.07283091334086385,0.07283091334086385,0.00019400732388043934,-1.6126239864318326e-05,0.6323796510696411,0.07364132111156411,0.07364132111156411,0.0002814063430333973,0.00019265890627093336,0.4933087229728699,0.04934007288968375,0.046524542796821694,0.0006960833900349026,0.00039868565917069537,0.2063988298177719,0.009391667340335546,-0.002518313720042191
classical.00040.wav,classical,0.0010393603998597456,0.0007606938880073244,0.6352893710136414,0.06192851314504579,0.06192851314504579,0.0002509141638347777,-4.09704288067976e-05,0.7028743028640747,0.060070169190775916,0.060070169190775916,0.00025812292237087283,0.00014405227642216213,0.5491486191749573,0.07732626821856646,0.0612416074893181,0.00044855734025717187,0.00027803557112666505,0.3023119866847992,0.01659491324570689,-0.01403684845901769
reggae.00066.wav,reggae,0.0020593697933745324,0.0006169674071894171,0.7057676911354065,0.02904687793280681,0.008969260121221328,0.0004983363128370083,-1.7566828987822247e-05,0.5750705599784851,0.02178438910989478,-0.0012053551032858046,0.00044701708844864795,0.00013319353513093602,0.484444260597229,0.024367811319908093,0.01809942486207204,0.0006349010087570486,0.00026294924919909496,0.2863374948501587,0.03214167145086599,0.030333421927984494
metal.00036.wav,metal,0.0009007016953699765,0.0005490757894699438,0.7532970309257507,0.020604826471194486,-0.01999700167840762,0.0003625596670229103,-0.00017227544643273475,0.6726826429367065,0.025319163480851302,-0.02521852068138286,0.0005786469044617327,0.0003476326862748391,0.6266058087348938,0.06501728417260319,0.05806610593812105,0.0006862562102536799,0.00035551294884639376,0.49384936690330505,0.056011858240895225,0.05538137210615484
reggae.00079.wav,reggae,0.001954033975153635,-0.00020307077457673017,0.5335585474967957,0.029072080658999133,-0.02819554649453566,0.0005073940105199571,0.00014305171858154387,0.5114486217498779,0.017800433969765182,-0.00981563935600305,0.00036622923976672495,0.00010241145615788094,0.4807753264904022,0.015457045776929903,0.011274587131390588,0.0007281414851386982,0.0002605567243894313,0.34257200360298157,0.03694898129461696,0.035030345493223404
reggae.00024.wav,reggae,0.0013215369219568896,-1.9942805178230215e-05,0.665020227432251,0.034562397247423444,-0.011239702071882338,0.0004642059592716352,4.222895959846706e-05,0.5479463338851929,0.024111885911243875,-0.01140628726971624,0.00050692244991001,0.00014885859639008904,0.43289801478385925,0.031998521987131184,0.025429621395124613,0.0007583177763740451,0.0003339095691754663,0.2700064182281494,0.0355856264285501,0.0355856264285501
rock.00005.wav,rock,0.0019184536364811322,0.0016156632033418107,0.7413631677627563,0.03600779038891898,0.03590019265851726,0.0004534708542621016,-5.157867269773436e-05,0.6948859095573425,0.025470404817578833,0.013845231160536969,0.00048753715397248154,0.00012289976750335275,0.6222842335700989,0.010267811365375152,0.0008718662493251389,0.0005517631325914646,0.0002889873590973639,0.34960952401161194,0.051506580087229914,0.051506580087229914
pop.00095.wav,pop,0.0015019842740695121,0.0004032323895171164,0.6680761575698853,0.049556853604641085,0.04090461059970939,0.0005935083490279825,0.00036482811969531517,0.5519646406173706,0.03678209406148454,0.020581039560239333,0.00036898454162793303,9.366032472481523e-05,0.3755282461643219,0.017615702532661096,0.008902289555542106,0.0013384188418619977,0.0005008821145531875,0.3759738504886627,0.07546253017842092,0.06443413397872991
classical.00027.wav,classical,0.0008490540016414027,0.000684728314633698,0.6777061223983765,0.10544317213414552,0.10544317213414552,0.00023857977497729888,-1.3808127016390336e-05,0.6396802067756653,0.12823540092389343,0.12823540092389343,0.00029063607275997105,0.00012060384088520726,0.444649875164032,0.04341551904124079,0.04155628236580848,0.000715663687495427,0.000366971824863338,0.19759541749954224,0.022761713365848885,-0.020506511341048635
rock.00092.wav,rock,0.0017744891782863538,-0.0001511692185959479,0.743929386138916,0.03231680849414317,-0.02814675536211647,0.00033002178528823494,-0.0001081245259095788,0.6990386247634888,0.017103110953232845,-0.014970212263559834,0.0005607219602568808,0.00024399399953295707,0.667833685874939,0.014264101371996874,0.00993655020859934,0.000710368429994943,0.0001550934113845858,0.4821440875530243,0.023322377225305224,0.02173905539213451
metal.00053.wav,metal,0.0006510440249909872,0.00013309508617755875,0.7319154143333435,0.02923255272949272,-0.0234989924895823,0.00023951548683497358,2.3102622131188078e-05,0.6482611894607544,0.027539143931643688,-0.0223635476076977,0.00042244541251432177,0.00025185583508386175,0.578065812587738,0.056435025700345955,0.045709488461557,0.0007415606629920709,0.0004913871514202935,0.4841783940792084,0.05952388606593114,0.059073144333964045
metal.00064.wav,metal,0.0008314777996441869,0.00017674650781360768,0.725169837474823,0.017719152152062063,-0.01655408335331121,0.0003553177761463688,-5.374671300318878e-05,0.6065995097160339,0.014484375176024739,-0.011325449985061986,0.0005544281135803525,0.0002417142838385583,0.5549920797348022,0.030787094865571945,0.02614646536719521,0.0005650489379097715,0.00015238124446752266,0.4512213170528412,0.020456594863095545,0.013231027321593198
classical.00011.wav,classical,0.0011507617200974707,0.0009747179698988973,0.5952578783035278,0.10577409653719268,0.10577409653719268,0.0002009725906830795,-6.547849309308517e-05,0.5770779848098755,0.11559086385851067,0.11559086385851067,0.000307447565184128,0.0001256596340782512,0.3994274437427521,0.07555576498897593,0.0660012299560063,0.0007145661916414534,0.00042898753836325635,0.1954854279756546,0.009750044995159827,-0.0025252352978262175
pop.00000.wav,pop,0.001291529359752497,0.0005848218090947821,0.6333178281784058,0.02322377904107868,0.017532893530624177,0.0004225806723752723,4.354006144479117e-05,0.5547494888305664,0.022526153727794884,-0.0013213207423835882,0.0003619847998347903,3.794949405924508e-05,0.43280139565467834,0.013093661557911059,-0.005607186546127705,0.0015410741765990155,0.0006267355423704516,0.40938541293144226,0.08821471161924342,0.082640871579391
hiphop.00018.wav,hiphop,0.0026380247294699012,0.001305965545347032,0.6928318738937378,0.09809148053761516,0.09809148053761516,0.0009378111303753212,0.0007797020605462724,0.5884894132614136,0.11266446507717094,0.11242399427105036,0.0003257865465578913,0.00017774533833996074,0.5051844716072083,0.044417093954559325,0.028639703667664128,0.0003689077232062188,6.181922126983347e-05,0.40518316626548767,0.019013403821752307,0.012751522670667904
disco.00053.wav,disco,0.0033685515545673673,0.0009980787403811807,0.6640596389770508,0.03140566627402669,-0.003194688515982532,0.0011185237090864497,0.00020678355573169326,0.37850600481033325,0.02800164815004478,0.025280582224162445,0.0003914734266722175,-8.803335840269933e-05,0.30607709288597107,0.01615735649821331,0.012019606695657612,0.0007194368569688293,0.00031091844696221147,0.35306796431541443,0.01879277984429954,0.01763707493120046
pop.00020.wav,pop,0.0014006167294631222,0.00041356939491374865,0.6399269700050354,0.04086708940425589,0.019423119995652605,0.0007050633828613858,0.000276197866096721,0.5599271059036255,0.05238797116408097,0.03606299952431374,0.0003150931522732162,8.21227307014813e-05,0.4667191207408905,0.03264925058857484,0.016183982000146438,0.0014127840590259083,0.00043145231480731447,0.35348963737487793,0.14538820602476454,0.13896609123296652
reggae.00054.wav,reggae,0.002182966135645792,0.0011446607790178477,0.6644515991210938,0.09386115495724989,0.07983216278167118,0.0005173693669381612,0.00013779981021877773,0.507566511631012,0.048861271878429445,0.0406588602259967,0.0005758588692174028,0.0002757812539207349,0.47750523686408997,0.048112283156062335,0.04313575869239743,0.0008064762207030054,0.00016594375222675194,0.33433446288108826,0.051743601099488494,0.03470475050928184
reggae.00050.wav,reggae,0.0018229126112004224,0.0003917131022760145,0.6225371360778809,0.02990235019921742,-0.0019355150847506718,0.000471301550446368,-1.720718648301478e-05,0.5214025378227234,0.016693486311530382,-0.0084919623368796,0.0004256740561243977,0.00015705952898175223,0.4604457914829254,0.05388875723112485,0.052959421763821304,0.0009363227624601863,0.000315791606719897,0.36578676104545593,0.12810976707287966,0.12628879090697717
hiphop.00051.wav,hiphop,0.0009226759431706811,0.00027143660700534866,0.7425850033760071,0.039587620064175114,0.038059460552181554,0.0008901511446930355,0.0005559403775643845,0.5837069749832153,0.05737952349638124,0.056760539811267476,0.0004600721588327278,0.0002647085510967728,0.39885199069976807,0.04125781586888321,0.03132990920899663,0.0004554203263507107,0.00010711174614317504,0.3703092038631439,0.030322408934592666,0.020071012429620654
jazz.00034.wav,jazz,0.0008275401420812401,0.0002846976465923134,0.6858469247817993,0.02387326583475885,-0.009221675604679878,0.00046086618107707975,0.00020866327323880717,0.5557134747505188,0.047669121854605506,0.04256511359714075,0.0008276983565949225,0.0004689489820448889,0.4936901926994324,0.06753751981112326,0.06753405128435773,0.0005413416098641035,0.00021957519259840764,0.3427785336971283,0.03777279537575685,0.019363293862792206
reggae.00074.wav,reggae,0.0015604600151711168,0.0007227787040623212,0.7070648074150085,0.07935695124278568,0.07935695124278568,0.0005450883022710462,0.0003469125800270367,0.5404195785522461,0.025276148997239643,0.02346642358253449,0.00038635457670201936,2.547389522849164e-05,0.45633238554000854,0.013619299766256731,0.0064859442949598825,0.0004939521335081024,0.00010056538426635783,0.28952905535697937,0.020705052738843287,0.008740823386035218
reggae.00003.wav,reggae,0.0022280314164385916,0.0012200624246754277,0.6588405966758728,0.07166185994847282,0.060693061042368435,0.0005162435165831259,0.00015645831964758994,0.5071704983711243,0.04303918396648941,0.03540551464019133,0.0005800922478311721,0.0002937927606653279,0.4747791290283203,0.034308436786348304,0.03287319389250977,0.0006602016123332952,0.00024738828509097483,0.2862027883529663,0.04841415346991185,0.04536365665680053
hiphop.00005.wav,hiphop,0.0014778043744883896,0.00028736621036165035,0.7395238876342773,0.012923061678008333,0.00906841645922286,0.000698685929383737,0.0005451802930045449,0.6270636320114136,0.017934066836680335,0.01750554289093644,0.00028366933936695425,6.895597848304514e-05,0.5330694317817688,0.01642646375345081,0.007919480777354639,0.0003796561653617089,0.00013341751243000204,0.424595445394516,0.016741191690427152,0.016408343309815093
jazz.00025.wav,jazz,0.0013841951991792278,0.0008134496855633167,0.7434302568435669,0.05019615412189822,0.05019615412189822,0.0005381069953117379,0.0002372697715972816,0.6463215947151184,0.052732658760498555,0.052732658760498555,0.0007074754275751028,0.0003690656492809785,0.5015842318534851,0.026984137728701504,0.019065735284527353,0.0004209590984760013,0.00019496175699014692,0.3493156135082245,0.020960640052189478,0.013150240767927849
metal.00028.wav,metal,0.0006952329720385731,-8.950291413940547e-05,0.7861312627792358,0.03288564093988176,-0.03288564093988176,0.0003370088588435082,-0.00010957186616040275,0.7312747240066528,0.03612362761831493,-0.03612362761831493,0.000606168606289708,0.00017935032598355202,0.7017590999603271,0.044903564035527664,0.03264398838285512,0.000647391918957331,0.00031720163127943224,0.5374482274055481,0.04291566510150308,0.04291566510150308
metal.00018.wav,metal,0.0007817127861414086,0.00010694470608560991,0.8100902438163757,0.018970003415293146,-0.014334488147099807,0.00030901907108770723,-0.00013002151298104335,0.7247154116630554,0.03260948379976562,-0.032282797209413946,0.0006944816357023908,0.0003062119786803974,0.7110412120819092,0.053387863886538656,0.03646813701767711,0.0005893135763000058,0.0002475318361520046,0.3974800109863281,0.031021456139200165,0.026828205847849132
pop.00048.wav,pop,0.0012653369956787675,0.0005023137849574421,0.6192988157272339,0.03674993694746837,-0.02348396691844116,0.0006054800699748245,9.47206236249179e-05,0.480807363986969,0.019046366244399704,-0.0011566968438499517,0.00035700065773844797,9.14051010415215e-05,0.424264520406723,0.009520296028248275,0.004432938746157973,0.0010227754975204242,0.00031033350805688653,0.3298255503177643,0.06816120086007416,0.06580455815256973
disco.00060.wav,disco,0.0038474364487202095,0.0016620923842404877,0.7635971903800964,0.03695947125486955,0.03533642254507293,0.0007138587604046627,0.0005055852807731125,0.6077291369438171,0.050598471274412846,0.05046747718563005,0.000318017994764167,0.00015434516667171773,0.4895797669887543,0.035661593342031554,0.035661593342031554,0.0007449761638967789,0.0003415941749309922,0.3097900450229645,0.033557209828311126,0.030857496218718795
country.00018.wav,country,0.00207848181633693,0.000900637671176907,0.688262403011322,0.03710786316005247,0.03710786316005247,0.0003815487930884737,6.7366118763576e-05,0.5759980082511902,0.01944777551729029,0.015378144603438688,0.0004560779790813174,0.00024163260980770263,0.46336883306503296,0.03184063919693325,0.02535028577104387,0.0004949488801722357,2.33787689980595e-05,0.2680734097957611,0.014910279872156672,0.01052831026547753
rock.00095.wav,rock,0.0016904528581473954,0.0011285751765559126,0.7600597143173218,0.03777882140181581,0.03777882140181581,0.0005514415547695605,3.974034496052603e-05,0.6451915502548218,0.030621253935294013,0.023605800680049242,0.00039647183734299206,2.278085214056591e-05,0.542776882648468,0.016743081906456795,-0.002012520893960056,0.0005892629920056328,0.0001534883561721175,0.3989463150501251,0.03446572731806131,0.030977317425682178
jazz.00084.wav,jazz,0.0015913552680621335,0.0005672722703581768,0.6267491579055786,0.031140223261956156,0.031140223261956156,0.0004317539380240376,5.804625406732322e-05,0.5053291916847229,0.019079364777589113,0.01895464929203352,0.0005520981993856111,3.4723833307399585e-05,0.3833662271499634,0.019872521620852134,-0.015843135806258245,0.0003831796888419947,0.00017763909746500625,0.3208397328853607,0.011129616987534513,-0.0008799324681789625
pop.00058.wav,pop,0.001037593648596058,-6.648234660051599e-05,0.5960066914558411,0.0258538218520594,-0.023350629994507384,0.0006215982547691457,8.178587857919361e-05,0.5148347616195679,0.020268158097425708,-0.017813064751817112,0.0003106678510070238,4.436944386529418e-05,0.4412340521812439,0.01396706518114617,-0.0043998384073812985,0.0013403349357780454,0.0003000799722524345,0.35935577750205994,0.05731042968534977,0.04988617196977215
reggae.00090.wav,reggae,0.0020761299569421075,0.0006974802608341157,0.5776662826538086,0.05826484560348898,0.022041364928787666,0.0006942706226127027,0.00017450176914463045,0.441371351480484,0.03202878070732361,-0.003352431060121014,0.0005864360222802445,0.0001458156822114487,0.36586323380470276,0.04867034577144388,0.040363435609422994,0.0007828806811081834,0.00033877516999022045,0.30002185702323914,0.04800360154428849,0.04634458657091548
metal.00073.wav,metal,0.0008654554967742923,0.0004682222595785102,0.8128610849380493,0.014922488918474525,0.005289369265978375,0.0002546792999975067,-1.2149319334375796e-05,0.6425765752792358,0.013612773754635474,-0.00984692217532437,0.0005054971526852034,0.00019364683496796403,0.6123929023742676,0.04251263891314296,0.03807459428938882,0.0007713108673056863,0.00031692963170927915,0.5042417049407959,0.03776427781753579,0.032634251766312225
blues.00076.wav,blues,0.0012225456728822248,-5.4340770180294484e-05,0.7391098141670227,0.034878331217492786,0.03487423760422241,0.000301551552582122,0.00010370732887818001,0.5868124961853027,0.016185391590923016,0.011115889238279008,0.00041875632300717445,0.00011908849847105829,0.5337688326835632,0.012762902936952435,0.010064000160748779,0.000829873306928341,0.00016733421961642272,0.4364567995071411,0.009464132015061053,-0.0007273679738886911
reggae.00022.wav,reggae,0.001578975616544609,0.00027458374592836954,0.7209070920944214,0.019090162684548766,0.014980724146716615,0.00041115028796629983,8.360154027939882e-05,0.6190413236618042,0.017264045471853753,-0.013679982943989005,0.0004092586902082784,0.00010628604767457528,0.5603700876235962,0.0151016237778141,0.006846021553325885,0.0005834950597065845,0.00016212464221182615,0.38007351756095886,0.017428613284203896,0.012598872283496827
reggae.00031.wav,reggae,0.00190205038433362,0.00036891976958983717,0.7042779326438904,0.0368373887986055,0.0024847124349611596,0.000509974652032906,0.0001002462612647928,0.5156370997428894,0.04734562435369063,-0.020123098096171056,0.0005278610459586143,0.00026001029361974476,0.4466928243637085,0.0413542860643458,0.03316053910494563,0.0008722766173416945,0.0004750511960009904,0.2904878556728363,0.04864495546823935,0.04864495546823935
jazz.00006.wav,jazz,0.0011655922101915905,0.0006215082099963354,0.6841518878936768,0.048157199408376164,0.048157199408376164,0.0004705877643915751,0.00010419407622102306,0.591849148273468,0.05002414848601496,0.04626181182941545,0.0007326806718553631,0.00039671947752797324,0.43104735016822815,0.0357397754446551,0.012023094166974215,0.00046262012003864955,0.00010251557524963474,0.21404634416103363,0.014674230815302483,-0.003975675883427379
disco.00050.wav,disco,0.002524316825946382,0.00048540276821436025,0.7758296728134155,0.04611650157648817,-0.025458391094046618,0.0008537568580446742,0.00026497683270423347,0.7014535665512085,0.03827478452235342,0.03225494475775109,0.0006148323000040029,0.0002617426113406801,0.6644088625907898,0.03096816487307881,0.03096816487307881,0.0009078260905042816,0.0003107097394200141,0.4750841557979584,0.03229310330831778,0.03229310330831778
disco.00075.wav,disco,0.004228181679539167,0.001950885279613923,0.7420358061790466,0.05407367256690822,0.05407367256690822,0.0006435991731591817,0.00018900800786184613,0.6367641687393188,0.04551966610021789,0.04551966610021789,0.00037251444077481487,0.00010994461464252426,0.5926942229270935,0.025921111498833027,0.025921111498833027,0.0007034468212837527,0.00010850551194001995,0.44565549492836,0.02388114100944737,0.02194296766489851
metal.00016.wav,metal,0.001043433807558447,8.480083298474383e-05,0.7072741389274597,0.01899753617252742,-0.009239361047087728,0.00032978047654865785,-0.00018984459360109617,0.692808985710144,0.034419995281005145,-0.034327886224989966,0.0006594002665046458,0.00023066651077500202,0.7159222364425659,0.04780674143285518,0.031249300246673762,0.0006772273236669378,0.0003211924472649263,0.5358842611312866,0.04288331356864381,0.04288331356864381
blues.00052.wav,blues,0.001719541239818767,0.00012141470565794066,0.634732723236084,0.06487769101539327,0.06487769101539327,0.0006564439361523122,0.00028143614579275166,0.43155544996261597,0.0405341092580447,0.0397354288519263,0.0005539993581105007,0.00012653579577808548,0.34063366055488586,0.0221045810491123,0.013926185424251235,0.0009176612268183235,0.00021677727255619653,0.19324231147766113,0.016342019244601443,-0.0016360764644038819
blues.00021.wav,blues,0.0009750993839481303,0.0004525974346065276,0.6978174448013306,0.05463929812158123,0.05463929812158123,0.00047918694148920695,0.0001974956072748002,0.5205853581428528,0.044587400523762574,0.043021292859793635,0.0004943189696172923,0.00017348460095459762,0.34786418080329895,0.040057542204849535,0.039700675048633664,0.0008815886564789256,0.0003632658042987365,0.18249237537384033,0.03274463625395918,0.03274463625395918
classical.00073.wav,classical,0.001374437518698013,0.0008541198273972483,0.5150835514068604,0.11657736518891197,0.11657736518891197,0.0003090620669588651,6.077380035882651e-05,0.5794342756271362,0.11962503339409006,0.11962503339409006,0.0003233821891920874,0.00016563350307480907,0.43725472688674927,0.04875649058442736,0.04475437946772269,0.0006807758921789654,0.0003416836509216141,0.18116335570812225,0.013820787887727582,-0.008836576071087605
country.00074.wav,country,0.002050360842722654,0.0013665849915646788,0.7220273017883301,0.05759749502947374,0.05292078383839853,0.0005251696552167797,0.0003295655194758454,0.5902917385101318,0.02735334583388659,0.021431347289362503,0.0005141528096001974,0.00026404857498522227,0.44027474522590637,0.054732341612182774,0.052558222655388266,0.0006200422821055655,7.015948223584557e-05,0.1721077412366867,0.016941683831115138,0.016027517224614377
classical.00036.wav,classical,0.0019870728005869863,0.00020210860475557979,0.4615970551967621,0.03199892742721101,0.01991160189362777,0.0002937113661487495,-5.138342102064264e-05,0.5552894473075867,0.05035146703603092,0.049659900320759474,0.00031176676732923124,5.091780701655724e-05,0.3862382471561432,0.03504002318534863,0.021460248330880703,0.0006777765838495218,0.00034852538856060077,0.1909724622964859,0.019373120247742234,-0.01674419109515533
country.00016.wav,country,0.002215353058356584,0.0010777553469367262,0.6650118827819824,0.0923028485055601,0.09186100487398849,0.0005396562050458291,0.0001675791331353489,0.6539839506149292,0.05213781369154523,0.045266809158779744,0.0004810298985262129,0.0001601354236042285,0.49286743998527527,0.05112739996891145,0.04275046805555309,0.0007174853807601911,0.00011625090930806696,0.28780433535575867,0.03498065426067922,0.016674838588927193
classical.00032.wav,classical,0.0007075730466469387,0.0001975403781114514,0.8003196716308594,0.04800060234370552,0.04528727411255321,0.0002102496211596647,-2.1813210270526207e-05,0.6995975375175476,0.042598448089707655,0.04125501972160054,0.00024706272743624025,0.00010716522102316661,0.4736771285533905,0.01753483659795365,0.013421549668985334,0.0005133932004016349,0.00022651906639174652,0.23545412719249725,0.02193239149328219,-0.019885644505839312
rock.00021.wav,rock,0.001981764522738505,0.0009468579413060673,0.763309121131897,0.015538602980001393,0.010510125455727846,0.000548596254026501,-0.00020690618405625472,0.716365396976471,0.014859407024716572,-0.003759243714843497,0.0006222312041749522,0.0002176305666825873,0.6510379314422607,0.010836560193971145,0.00595794975954284,0.000764190776454704,0.00022575607137514017,0.453737735748291,0.0446157055188818,0.04408665334033529
reggae.00042.wav,reggae,0.002437371417462231,0.00140285460756715,0.6576350331306458,0.07565528510426815,0.06709140259071411,0.0005175039641912571,0.00010863618265012364,0.48901885747909546,0.04182984227506198,0.02702868760086674,0.0004828633208033725,7.001299764548747e-05,0.5012369751930237,0.024918359111912675,0.0029704141396405303,0.000517497851295276,9.269996041602613e-06,0.2712230384349823,0.01942898162388433,0.0036154098610918736
disco.00068.wav,disco,0.0030150850869247623,0.0007911151800400029,0.7413527369499207,0.020830881873026785,-0.0003816367898313395,0.0005887706836943841,0.0002385323184568966,0.6695719957351685,0.032375375270876396,0.022485616451224856,0.0004767177230408093,0.00022368495350898242,0.619638204574585,0.03061479646905317,0.02781647358724536,0.0009206700486478805,0.00023490738419393772,0.47826477885246277,0.026799180279769515,0.021065800204709727
blues.00063.wav,blues,0.0013839440219614613,0.00047740609153608946,0.6907263994216919,0.049582869495185984,0.04952135716999405,0.0004661867582352208,4.642227609563676e-06,0.6586512327194214,0.029740802575273978,0.019462434976177407,0.0004178771978705309,6.23381275017576e-05,0.5377539992332458,0.015197700940169067,0.007108603109916836,0.001326670363255859,0.00038938987571283365,0.4846426546573639,0.021482315022699577,0.018131516319808676
jazz.00009.wav,jazz,0.0013577558223104801,0.0007960998097634065,0.6797990798950195,0.0652528723532074,0.06151993713129968,0.0004451900981735965,7.305548221520213e-05,0.5737847089767456,0.0324148300203162,0.024034196322580748,0.0005359286548938736,0.00010357385512949957,0.39716970920562744,0.02397873527379276,-0.017936864000270634,0.00043833398893777337,0.00022014168274277213,0.1729976087808609,0.02302710373968839,0.021254427777930112
rock.00074.wav,rock,0.0022902686453178055,0.0012135454207029106,0.7859877347946167,0.02235819290308495,0.022096920454609554,0.0005772551786138929,5.5390877113166775e-05,0.6655848622322083,0.018895344738804006,0.005195099006409402,0.0004717862504554704,0.00012561436275959625,0.5762630701065063,0.016305545864608816,0.008136779572011237,0.0007376574431619138,0.0002745617069553422,0.4175286591053009,0.05218783443013697,0.05123399796205741
classical.00033.wav,classical,0.0008994551428945119,0.000609897951034144,0.6827147603034973,0.040683019321866076,0.040683019321866076,0.00027344294807534755,-7.539424303446007e-05,0.6442928314208984,0.050058753877262066,0.050058753877262066,0.0002684819901963853,0.00011307852642885807,0.4750826954841614,0.035435252565789624,0.025808962267977638,0.0006397448079621971,0.00033068128741931224,0.17437006533145905,0.01517262914233463,-0.011571660822636486
metal.00038.wav,metal,0.0009577396168934493,0.0007911597685669625,0.6953180432319641,0.03895602632312032,0.036580118313600515,0.00036544139839724823,0.00018722027464943559,0.48453348875045776,0.0080681240692928,-0.0005759672282656284,0.00047265127130993403,0.00023609155729923837,0.4831797480583191,0.03549095953585626,0.03056906172911354,0.00045893865898887116,9.325895239300416e-05,0.4118744432926178,0.025550453830470766,0.01823025707673206
hiphop.00015.wav,hiphop,0.002077013101037012,0.0013231296953752302,0.6973080039024353,0.08968598660595725,0.08968598660595725,0.0007796838693729713,0.0005381193904399728,0.6355166435241699,0.0576319376856582,0.05436303756494417,0.0003233697597325974,0.00011946358678337877,0.5365497469902039,0.01909419754077483,0.0010760301640969222,0.0003981249494963979,0.00010109249091824757,0.38379451632499695,0.01816536314679807,0.007345036085894099
metal.00060.wav,metal,0.0007880610512436936,-0.00012400942647896595,0.7933656573295593,0.03816351663498914,-0.03816351663498914,0.00031901799012789276,-0.0001808281500113945,0.7213022112846375,0.0396795752366797,-0.0396795752366797,0.0005103453273334924,0.00021120633000574652,0.6723390221595764,0.045479484226374954,0.03143567913309909,0.0005514851625145941,0.0002919160814828514,0.48194393515586853,0.041620990739788755,0.0396014796327801
blues.00087.wav,blues,0.0013465104558146202,0.0008591187844123382,0.6875326037406921,0.08320077640187062,0.08320077640187062,0.0004869714305878077,0.00021123509537764387,0.5322819948196411,0.044800077744939035,0.043825066648538656,0.0004415126295569682,0.00013631254074569776,0.3765223026275635,0.02357425647754998,0.019632867588327264,0.0009384933233258589,0.0002692017574232955,0.2017650008201599,0.017369973266906997,0.00039539177342724487
disco.00090.wav,disco,0.0038881542834865003,0.00240335515287029,0.7077556848526001,0.06662790693953671,0.06662790693953671,0.0006207014258969079,0.00034549216622615787,0.5863540768623352,0.06030616295639586,0.06030616295639586,0.0002922861367531215,3.420711011415944e-05,0.5256288647651672,0.02416395073810488,0.02038199441942609,0.0005400767235136215,0.00016217962174840407,0.4053156077861786,0.02183033822655676,0.020606398132980024
hiphop.00062.wav,hiphop,0.0015346641993707166,0.0004577840583957382,0.6081333160400391,0.05355070256102671,0.05110223021888275,0.0007931304053125255,0.0004328901342684821,0.4473719596862793,0.0348448285944787,0.03314933833245014,0.00039979582145418233,0.00010532792566392126,0.4002330005168915,0.01806285402825528,0.01232120569705818,0.0003719085435562013,2.0762630394497578e-06,0.2888275980949402,0.01062513536766148,0.0026916526538987473
rock.00069.wav,rock,0.0015847622536421912,0.0007756707610565794,0.699964165687561,0.048251549440598625,0.0028407746761102263,0.0005485001601924999,-0.00020570830405681751,0.685736358165741,0.04364694477999759,0.0009867454404661933,0.0004526631530706132,6.437384895935872e-05,0.5495880842208862,0.018696159996405594,-0.0028553497887382263,0.0008131133641001154,0.00028719916374478116,0.39160624146461487,0.04166259109940008,0.03355394543194546
jazz.00078.wav,jazz,0.0015106470219657497,0.000635040510505136,0.5835464596748352,0.04970993022527644,0.04040483959442809,0.000476821900106128,-4.491630149586756e-05,0.5176202654838562,0.05094865110851118,0.043378199559890675,0.0007768349848413969,0.0004278242323520764,0.43205830454826355,0.05729795293507316,0.03531255961568367,0.00044390567897114225,0.00024417583460538866,0.3305550813674927,0.024915224423525218,0.019306392542717418
rock.00003.wav,rock,0.001894850076333654,0.0007678149844849713,0.7293569445610046,0.03300143245008483,0.01484090725359265,0.0004946765598464297,7.090120320192294e-05,0.5556768774986267,0.014481036267111,0.0031535791371120267,0.00045524950147776244,2.4935770263937452e-05,0.43458065390586853,0.024071595692308004,-0.0052262194608161,0.0006755508888566878,0.0002524384815773562,0.2744326889514923,0.06839094991406182,0.06661624996080125
country.00095.wav,country,0.0016208351506853652,0.0009044938260253738,0.6799479722976685,0.0310750670110976,0.0310750670110976,0.0005312877760431517,0.00013241269114425412,0.5156072974205017,0.026061939361515307,-0.0016719637916079305,0.0004080311406656945,0.0001733721399803345,0.4216569662094116,0.04359928912815243,0.0371454370198907,0.0006313332882611674,0.00012288276528688025,0.22617870569229126,0.022099053299998492,0.021491193505634703
country.00090.wav,country,0.0032801992505344657,0.001041593053883716,0.8013312220573425,0.04485406607406519,0.03838166572591444,0.0006720975970067988,0.00016476739116613737,0.7144018411636353,0.026078051717709584,0.013791079823440675,0.0005636725294940564,6.405610366805592e-05,0.6098474860191345,0.031102910657694993,0.014650200976606994,0.0009026930349147361,0.0004058115964848327,0.43193450570106506,0.06006098181907529,0.06006098181907529
jazz.00011.wav,jazz,0.0014791565337939794,0.0008662657589728617,0.6808103322982788,0.07218101646799387,0.07218101646799387,0.00042986156443740596,0.00023549350885874177,0.6079235076904297,0.049295303638234936,0.0448107406338031,0.0008207869111789667,0.00047451926950898725,0.4933433532714844,0.07447823554020376,0.04913720661286644,0.000423272460048002,0.0002695754723627865,0.32764312624931335,0.023673882286918375,0.020571157347718753
blues.00032.wav,blues,0.001887608717205913,0.0013607387436232465,0.6019595265388489,0.34705246992001215,0.34705246992001215,0.0005642115278201743,0.00029314567590941755,0.45815619826316833,0.09436323495897692,0.09342003210730096,0.0005434267440067075,0.00022433444128180602,0.34410977363586426,0.0260021324867094,0.01934420919299472,0.0009486877818544702,0.000256423349188088,0.18671070039272308,0.014722696080602102,0.005843135512672066
blues.00088.wav,blues,0.001105168427561809,0.0005408723698519414,0.7028950452804565,0.07307113714276879,0.07267882403549959,0.0005417870492967714,0.00019827017247318058,0.4970448613166809,0.0382786949741241,0.034240649992968164,0.0005617295984393267,0.00015949512760927265,0.34421592950820923,0.03645555114112598,0.03337224937068361,0.001096206707960121,0.0003417631563561799,0.16526047885417938,0.01958466491390574,0.015294492820019415
country.00068.wav,country,0.001757947846458907,0.0006824707727816515,0.7614264488220215,0.05800363060308722,-0.02181706826967224,0.0004950641591024319,0.00018858156455414665,0.6210730075836182,0.019008255664712627,-0.004695358424744036,0.00040829192946522985,0.0001680804567749239,0.5088438987731934,0.027811362649063122,0.020328740230998767,0.0005981646750005386,6.401109336495851e-05,0.22822220623493195,0.019688754009290932,0.018250088418076765
hiphop.00029.wav,hiphop,0.001511678455770582,0.0005455598911205505,0.5634416341781616,0.02626234040733531,0.020280164132471534,0.0007000141270769422,0.00013334524592107934,0.48122215270996094,0.017394801396756754,0.009271385399051608,0.00031246305351560863,4.502874959615766e-05,0.4436798095703125,0.015100293797871957,-0.0005417280004559539,0.0003724060656827381,4.415855419243053e-07,0.3602698743343353,0.013506368694001685,-0.0037224014129283996
hiphop.00007.wav,hiphop,0.002090427098782355,0.0009623924258175709,0.7046014666557312,0.04708263766797044,0.04708263766797044,0.0005028229518494756,0.00010408733567376788,0.6192625164985657,0.03132336930299332,0.027984827480832652,0.0002966139169186706,-7.984793896739645e-06,0.5247880816459656,0.008263809581891643,0.0013453199219435193,0.00034868963241517606,3.727507175046779e-05,0.3764185905456543,0.007212456325543554,0.0008179239407940395
blues.00029.wav,blues,0.001859282789765393,0.0009638529595167089,0.5717185735702515,0.167010003206249,0.167010003206249,0.0006051735689034388,0.00028820070092301365,0.4791277050971985,0.10263444481632233,0.10263444481632233,0.0005854629654299304,0.00028014101211403463,0.3582352101802826,0.031472300175566986,0.0283122374956514,0.0008982293432958621,0.00023600310763201987,0.23690778017044067,0.016568815673641622,-0.006078586651360247
classical.00047.wav,classical,0.0010835599685865504,0.0008012165229100476,0.5992664098739624,0.12548047368740206,0.12548047368740206,0.0001859524773266813,5.2083992383220036e-05,0.6552200317382812,0.13677810451600675,0.13677810451600675,0.0002565840508610777,0.0001436747115109667,0.46286436915397644,0.1353101164276001,0.12847661518743594,0.0006788626505531773,0.0003829975233118517,0.1797475963830948,0.009878295715432639,-0.004746099216722146
hiphop.00052.wav,hiphop,0.001344167459246659,0.0007213560649581118,0.7097824811935425,0.03551184630359491,0.03551184630359491,0.0008650614628085765,0.0006009162986703135,0.5496978759765625,0.04664555212215514,0.04508944930945294,0.00031596797659089236,0.00011739346238034464,0.41602545976638794,0.020847679413949313,0.005524338484910208,0.0004205305747155633,-5.7283792509775964e-05,0.36724868416786194,0.03351943549251935,-0.011481900240506928
pop.00098.wav,pop,0.0013099381356220796,0.00014293960864657506,0.663692831993103,0.03647247158836546,-0.024988749457133252,0.0005349313353872398,-8.276620475843876e-05,0.6479805111885071,0.02387706525768448,-0.00926424559866992,0.000568616946162627,0.00010751222554181622,0.6052273511886597,0.02694034730722797,-0.011716557118577975,0.0018515802844454529,0.00042692013464868186,0.5106585621833801,0.09118999535576522,0.0545155810039309
classical.00096.wav,classical,0.00045340815701048196,0.00010889587844575832,0.7396937012672424,0.02405362555340479,0.01054444167792631,0.00028450299650109676,0.00014678991845784115,0.6874992251396179,0.058232803933826724,0.05431708801298627,0.0005035444977036751,0.0003226212391563943,0.6360034346580505,0.046970460907160304,0.046311935300495086,0.0004742832886025598,0.0002268453663183493,0.3953914940357208,0.015108444423921494,-0.010392141383934324
classical.00081.wav,classical,0.0008642180006807276,-0.0001333114703644167,0.7271897196769714,0.059898492093664865,-0.017214456538290575,0.00026287467184529236,-5.071442714554841e-05,0.6529145240783691,0.05556951300142955,0.020893276339719734,0.00031414258695837915,0.00015336971055684322,0.5257769823074341,0.03174513688308796,0.028979835489301543,0.0005503644591603232,0.00027977066372931086,0.22739659249782562,0.01712981968529606,-0.012534710603415163
blues.00083.wav,blues,0.002281966453897155,0.00042584494152393405,0.7362884283065796,0.04483330862709059,0.04467999539523666,0.00040523866801908117,-7.15734326611206e-05,0.6473081707954407,0.02560501816253332,-0.0005701949680630258,0.00045745950924519274,0.00016406137558989454,0.5882354974746704,0.023819485056788832,0.01552717727190434,0.0007207246564803529,0.0003023103913135973,0.4164333641529083,0.023948121061263237,0.022273468287458093
rock.00087.wav,rock,0.002682265109518589,0.001610904049968731,0.8091663122177124,0.04328850926127198,0.04235131640687484,0.0005907307869636002,2.2699621633937018e-05,0.6956841349601746,0.02212287789355594,0.013729357738514993,0.0006212421342174111,0.00019111721074457897,0.6360073685646057,0.020284170554588914,0.013227902995844469,0.0010135242921229942,0.00033200598271042325,0.46598169207572937,0.04793923738780651,0.047117885744588306
blues.00002.wav,blues,0.0013821365748206914,0.0005996560835946241,0.6734199523925781,0.06265186326971992,0.06265186326971992,0.00048681945495097077,0.00021888016658901943,0.6305457353591919,0.04929460513069807,0.03986330805764024,0.0005319037248839042,0.00017248925202808295,0.5203993320465088,0.021427434324880555,0.01208573641469738,0.0007501942680194149,0.0001324126092005981,0.3153727948665619,0.01360063154876722,-0.0028299588632014054
jazz.00091.wav,jazz,0.0015116689919808552,0.0007660814126650734,0.603629469871521,0.07164524957108684,0.07065033259879987,0.0004204082403647072,5.717489278959792e-05,0.44373512268066406,0.03434548339887956,0.03339306288018273,0.0008725014546410615,0.00036239054648369074,0.2912883460521698,0.02823838258267868,0.021615632843165512,0.0003673693128679291,0.0001589307275000557,0.20546667277812958,0.017092748823064035,0.013685884533314133
classical.00007.wav,classical,0.0007850751376894616,0.00038665700834721316,0.7236243486404419,0.0317312595279934,0.02026248354664718,0.00019415843126739177,-1.5080653161451269e-05,0.6618996858596802,0.042821844592746114,0.031626134706193854,0.0002706591899967402,0.00015186565515003649,0.5181435942649841,0.03502349959473336,0.028769978317353635,0.000503210666115415,0.00026418023567909764,0.27221742272377014,0.018561066797852018,-0.018151865673352616
blues.00093.wav,blues,0.0007669619479965251,3.227689532436795e-05,0.6389945149421692,0.027458480747795378,0.027458480747795378,0.0005173811454075139,0.00013730694070304139,0.4252060055732727,0.030679572588571447,0.017875821185369484,0.0006090693318642597,5.880473007159173e-05,0.26932036876678467,0.021019475184239907,0.012671346511717427,0.0007965281168535735,0.00019099007249807,0.025035129860043526,0.005523163405564954,0.0017222489559498885
disco.00058.wav,disco,0.003822306692113209,0.0013789752378487563,0.7141636610031128,0.030387811901715446,0.007745181118195726,0.000638846015602143,0.0002828093137190651,0.6285701990127563,0.04900838688189278,0.04536914094807516,0.0004264678623487805,0.0001754649395963187,0.6033682823181152,0.03841425293293342,0.03745796194244795,0.000674479088699558,0.00015750890156550346,0.44287124276161194,0.027901694898606996,0.027642512060929703
disco.00063.wav,disco,0.0019632100095513527,-4.7952616559343576e-05,0.7434164881706238,0.07108359760444974,-0.05999889084637566,0.0005094098572480888,0.0001790410173697743,0.5439318418502808,0.0258565676976431,7.281427427712553e-05,0.00032443681331378204,0.00019153588717179648,0.47147202491760254,0.02563734499663825,0.024700287772395964,0.0005556134898716328,0.00015871976022707504,0.40262970328330994,0.018541176509389096,0.018541176509389096
hiphop.00059.wav,hiphop,0.00107837927287769,0.00052321956504678,0.7630764245986938,0.04206663883661847,0.04206663883661847,0.0008088077101258862,0.0006020241380156388,0.5409424901008606,0.06079541318548938,0.06079330770758051,0.0004059806223250395,0.00018811008072596502,0.46702057123184204,0.029898771691636447,0.018544477396776872,0.0004392913486018428,0.00013056168695240174,0.3388768136501312,0.027569934799813466,0.02236264522924601
jazz.00001.wav,jazz,0.0013111022506421266,-0.0002006730341474805,0.7596454620361328,0.01600519021258635,-0.0013130532666396602,0.00045904579758417605,0.00027544895932354597,0.7098371982574463,0.02196895981721091,0.00756522071425631,0.0005167019897194587,0.00014115782119880244,0.4921514093875885,0.023160319821635786,-0.0071422655632197565,0.0003688799577981469,5.562616240033315e-05,0.2912527918815613,0.013544122403325082,0.004504358565738337
reggae.00026.wav,reggae,0.0017436293382973034,0.0007479861957927269,0.6983078122138977,0.02545319522916812,0.014857349830799324,0.0004745597951299696,0.00012233853981303834,0.5422582626342773,0.015991290820187503,0.00437564395173475,0.0005270998043189275,0.00011022491019299905,0.45910632610321045,0.023177597423591996,0.00976922999138006,0.0007425951160041465,0.00030783668673017676,0.311189204454422,0.03598011156345577,0.035775173299149025
rock.00020.wav,rock,0.001986197941340784,0.0009195772240270017,0.7502657175064087,0.010646623135652402,-0.00813793901509216,0.0006194165221228953,-0.0003823683144222212,0.7534586191177368,0.012530118907927148,-0.01060540773589657,0.0007057835014564779,0.0003421574965728619,0.6789240837097168,0.03392918152766601,0.0294441135971951,0.001037088142740392,0.0003419773339643703,0.5016276836395264,0.06360605635419837,0.06360605635419837
country.00091.wav,country,0.0023651743718549056,0.0005251291095259347,0.586290717124939,0.01969668162068046,0.013271901757259624,0.0005667163685509305,0.00012567068248940243,0.5770398378372192,0.024455226942282592,-0.009192170994991509,0.0005361230230013386,0.00016841685835116416,0.4284359812736511,0.040296489265628815,0.029796667940255733,0.0005983026994309734,0.00012090542395510467,0.2542230188846588,0.023287018776359966,0.023069648051925438
pop.00084.wav,pop,0.0015639383071180957,0.0007754108501855539,0.6188817620277405,0.030034073311467256,0.030034073311467256,0.0005901828202768078,0.0001266728417315788,0.4912439286708832,0.022126622213258073,0.019463769080993266,0.0003350348016493998,-1.0944590093281414e-05,0.40890780091285706,0.018054163952773067,-0.0009620308497995325,0.0014814960670369373,0.000614433118316463,0.39361336827278137,0.10454799457634174,0.09526591526860022
blues.00060.wav,blues,0.002551254475317499,0.0013594234342127365,0.7945519089698792,0.09246218344266731,0.09246218344266731,0.000529371823145719,0.00027715048292489277,0.6448537707328796,0.039926017064984276,0.03746822765559267,0.0005305763982377404,8.062628144643035e-05,0.581040620803833,0.025319214469498537,0.011426651689421063,0.0007314058908161209,0.00013973883492545205,0.3997335433959961,0.024126174392076608,0.0020610747373227107
metal.00069.wav,metal,0.0013607940388371987,0.00015226391631237846,0.8143943548202515,0.0148837240270418,-0.013289941727798954,0.00033181973220058127,0.00014819110558759522,0.626731276512146,0.010183872867677232,-0.0035188238225921384,0.000517353446044333,0.0003878660724807048,0.5049751400947571,0.04962212026824254,0.04932428729903876,0.0004548916582860681,0.00022756382050715304,0.4031839370727539,0.03281069311788703,0.03186595128937928
jazz.00072.wav,jazz,0.0010828294313529163,0.0005375305696261101,0.6637941598892212,0.03971350197205635,0.03971350197205635,0.0004716479753762437,0.00030237955816871944,0.6499612927436829,0.049989785287976665,0.049989785287976665,0.0008118050020804845,0.0005455608620341501,0.522975742816925,0.04230053150786885,0.04035364433606461,0.00048299825322130455,0.00014735999986819834,0.2862420976161957,0.021375640409734015,0.013182312553680521
blues.00059.wav,blues,0.0020178728678955427,0.0009528304803561926,0.7145595550537109,0.07553146301665506,0.07553146301665506,0.0004356168142297251,2.4600749909400865e-05,0.5462482571601868,0.04418158480946199,0.037162958528153336,0.000499742072942182,0.00016937410350015503,0.4767695963382721,0.023883043982222584,0.019541764584687035,0.0008686139598262343,0.000427645134406895,0.3679821491241455,0.02736513623689973,0.020922112739508253
rock.00032.wav,rock,0.0018879608220683012,0.0003360584550783136,0.7285748720169067,0.012815336046530252,-0.007439374146458624,0.0005503722009997103,-2.9410161237347632e-05,0.6075121760368347,0.017655066840795354,0.006470329466320422,0.00039048241205025036,0.00012984412851555939,0.5346198081970215,0.01925657598237818,0.01786522699617581,0.0005279028861495753,0.00024995924017317053,0.39433160424232483,0.02959769694564965,0.029452314988534182
classical.00062.wav,classical,0.0006356311352913701,1.3099303292518627e-06,0.7878862619400024,0.03406427971641117,0.03406427971641117,0.0004835979616576669,0.0002569508088344108,0.748198390007019,0.03929062081211314,0.03929062081211314,0.0005722203779907331,0.00018812451951317978,0.634163498878479,0.02758628407328404,0.01571232360333597,0.0006501581766873732,-2.4256127444326203e-05,0.4124990403652191,0.027606286338281615,-0.026421354358756494
pop.00004.wav,pop,0.0009324198689251023,0.00048413611479797004,0.7629501223564148,0.021116885996964464,0.021116885996964464,0.0004889175235169962,0.00013518312005543763,0.6198568344116211,0.021480526028184205,0.009727717562685322,0.00036800445294755957,3.0497911701990456e-05,0.5062479972839355,0.017104937312728136,-0.006896854273805057,0.0013331848877789927,0.0005478570470638123,0.38984230160713196,0.08102649104470676,0.06740274666263088
hiphop.00093.wav,hiphop,0.0015212524103491276,0.0002591396581495431,0.6673601269721985,0.02278402101006368,-0.011202675463231861,0.0011726022048316632,0.0007053292712839498,0.4542657434940338,0.06269745975518773,0.06226302857099177,0.0004744482188892463,0.00028760297521211454,0.39875930547714233,0.053084099957580066,0.05187995443183158,0.0003398238551787167,0.00014514494773035583,0.3613646924495697,0.039202086415675,0.034593687281698836
disco.00029.wav,disco,0.003933488641506511,0.0025282485736627613,0.6090033650398254,0.11246561413425649,0.11246561413425649,0.0006521546132932432,0.00018702766828098126,0.5154960751533508,0.07029754622056564,0.07029754622056564,0.00032525334183395704,9.744477994825417e-05,0.46941298246383667,0.03423096895089028,0.034125018319024154,0.0005986224902121787,4.832935146618459e-05,0.3214465081691742,0.02476364515819277,0.005234657330807178
metal.00007.wav,metal,0.0006101861907771954,0.0002086456827998795,0.7504428625106812,0.007663140303817881,-0.007011748514603938,0.0002624015589647533,-6.843741332729359e-06,0.6521244645118713,0.014092391995296516,-0.014020967457005512,0.0006035541517620405,0.0003777349343184386,0.607684850692749,0.054735155133665205,0.04597734879208252,0.0006279698729318583,0.00033821409362576386,0.4894525110721588,0.04587896892747739,0.04587896892747739
rock.00083.wav,rock,0.002381682909252225,0.0012533826790689152,0.7987610101699829,0.047980892450061555,0.04373496022971514,0.0005085552253916604,6.589250257662548e-05,0.6778101921081543,0.030523894201091795,0.024337438270665177,0.0005784769600377659,0.00031968066720237774,0.5614767670631409,0.026520866241204005,0.021366815204266167,0.0007920618029176209,0.00012211251731211563,0.45020100474357605,0.03814943019925444,0.035689599113929056
hiphop.00046.wav,hiphop,0.0011014178036390376,0.00019956608412119436,0.6926003694534302,0.06487742795139535,0.03027589721533302,0.0007489366433423462,0.0003158769564943098,0.5508447885513306,0.04794646965768373,0.034095724501956595,0.00043534740943083016,0.00021226989912963623,0.40702155232429504,0.03724636088957453,0.02766655327425766,0.00038094716715913703,9.623160352243646e-05,0.3000446856021881,0.030682304408552297,0.013419381380429729
classical.00004.wav,classical,0.0008455393354347863,0.0005224893043406454,0.6713370084762573,0.07999867294578727,0.07999867294578727,0.0002258366901392389,7.450337687512909e-05,0.6608946919441223,0.09937776233981055,0.09937776233981055,0.00033997754057164825,0.0002304783080441581,0.5531769394874573,0.06764193707091438,0.061977405408798564,0.00044247657214265224,0.00027071060469128816,0.3296811878681183,0.016989931293941846,-0.014870516818276188
pop.00017.wav,pop,0.0010269497968556473,0.0002430433137598831,0.6615581512451172,0.039149184629013435,0.018808841375924906,0.0006083828405690994,0.00014598405069152776,0.6197370290756226,0.026444831272924196,-0.004129791728598907,0.00035280869771640177,8.560648994230768e-05,0.41702041029930115,0.02193849829786324,0.007895128883881964,0.0009818978362647474,0.00036416790866860654,0.27778562903404236,0.05613138580450295,0.0540017985288915
jazz.00028.wav,jazz,0.0014668931172728383,0.0009308784152161076,0.6844969987869263,0.07084394011066722,0.07084394011066722,0.0004968631198591034,0.0001907550526675017,0.6549340486526489,0.06231714494991756,0.06231714494991756,0.0009679234836556993,0.000573217681415752,0.5516040325164795,0.061884683536271495,0.061879632837539056,0.0004772543930873623,0.00022920824246413368,0.38012704253196716,0.019066934892851044,0.015883942462518313
country.00001.wav,country,0.0012494680898368139,0.00029209014076032603,0.7005197405815125,0.04638082076748297,0.009538234285672558,0.0006394636431035772,-0.00014168055566273762,0.5179067254066467,0.05515071120577723,-0.054942290295376825,0.0004132107388073984,0.0001407510141703454,0.4397875666618347,0.037412435542593735,0.016333712088025004,0.00047962398393331757,0.00019626677855687688,0.3039950728416443,0.03682991429618489,0.03579714466553744
hiphop.00067.wav,hiphop,0.0018628494362182058,0.0003396736935065259,0.5812684297561646,0.07427478575046083,0.07427478575046083,0.0007673616989295918,0.0003466108911105659,0.4848446846008301,0.05468760004964144,0.05408077860191152,0.0004545003090697077,0.00024042676320145653,0.4162976145744324,0.0328989563657261,0.022442423035210754,0.0004004642583137509,-2.3660756992706367e-05,0.3615444004535675,0.048025468071283384,-0.029342850419043266
classical.00097.wav,classical,0.0015893498356340352,0.0007737878487300342,0.547807514667511,0.09597937772749346,0.09597937772749346,0.0002922034154598907,-5.734543148733229e-05,0.47421795129776,0.06100530226486252,0.06100530226486252,0.0003403998382164032,0.00014660633917808015,0.42772454023361206,0.0358516655257145,0.03117272906277537,0.0006527604411439916,0.0003710033959005409,0.22127105295658112,0.01460047439187033,-0.006788125972716378
pop.00026.wav,pop,0.0016574762649549158,0.00040833703788738517,0.5907264947891235,0.03162496979180958,0.0164903634631974,0.0005505386695156711,0.00019187911244569755,0.6125896573066711,0.037168129944964844,0.01916351976323003,0.00037202519709305493,0.00014409786249378552,0.4404888153076172,0.02480958093413611,0.015889859066360625,0.0012581388165288615,0.0005247323308719554,0.361276239156723,0.08132169650977533,0.0786554608541667
hiphop.00057.wav,hiphop,0.000828263768265558,0.00038541019982903937,0.723278820514679,0.027108095797845243,0.01877583583706042,0.0008117598488349143,0.000511314574582944,0.507018506526947,0.04962797881178608,0.04757122468703377,0.00036738410992135707,0.00018806941901731934,0.44551414251327515,0.0427340986429478,0.026679752620582548,0.00032439404473227153,0.00011184812755086285,0.3155449330806732,0.023921112819686206,0.017360838592886438
country.00037.wav,country,0.0020869273363324226,0.0005980521965682328,0.6852198243141174,0.016796271991965133,0.002134189350538925,0.0004475323192244862,0.00013979055311256206,0.5908514261245728,0.014738251144581055,0.003480601978496365,0.0004412278802595482,0.00018339877886189515,0.42935681343078613,0.04321464191251165,0.038784342595834825,0.0007337037511228652,0.00012810444968458048,0.25392934679985046,0.025782402853396533,0.013781901978725626
country.00069.wav,country,0.0022031972820099276,0.0006657658779386288,0.6845195293426514,0.06473619225096908,0.04198338374764939,0.0004824742010710481,0.00012527389793984823,0.46164074540138245,0.02176136570209906,-0.0016759719411918255,0.0004945825709467644,0.00024194532523452716,0.39067938923835754,0.05283454317455714,0.04329189310452846,0.0003762851021263403,-7.412884474337332e-05,0.23796701431274414,0.024690029136371517,0.007630964692131041
classical.00006.wav,classical,0.001022631736234869,0.0008162813062327689,0.6872131824493408,0.0673368967334355,0.0673368967334355,0.00020061620625035081,-2.6890095036166682e-05,0.6223548054695129,0.06125001092898537,0.06125001092898537,0.00034395289781329855,0.0002134507583494591,0.5323482751846313,0.03691391671434242,0.034899405858415736,0.00047651431999547823,0.00033625165222631444,0.3244868218898773,0.013807696561347333,-0.008029525759046833
