genre,k_fraction,orig_conf,masked_conf,conf_drop
blues,0.05,0.9580282,0.32887352,0.6291547
blues,0.1,0.9580282,0.12839791,0.82963026
blues,0.2,0.9580282,0.14912854,0.80889964
blues,0.3,0.9580282,0.15755704,0.8004712
blues,0.5,0.9580282,0.21677776,0.74125046
classical,0.05,0.80692786,0.09035727,0.7165706
classical,0.1,0.80692786,0.10517597,0.7017519
classical,0.2,0.80692786,0.14480418,0.6621237
classical,0.3,0.80692786,0.12911792,0.67780995
classical,0.5,0.80692786,0.18093754,0.62599033
country,0.05,0.9028112,0.13874777,0.7640635
country,0.1,0.9028112,0.17369047,0.72912073
country,0.2,0.9028112,0.1624552,0.740356
country,0.3,0.9028112,0.10629384,0.7965174
country,0.5,0.9028112,0.08537883,0.8174324
disco,0.05,0.98391783,0.6371262,0.34679163
disco,0.1,0.98391783,0.30686808,0.67704976
disco,0.2,0.98391783,0.15991248,0.82400537
disco,0.3,0.98391783,0.12440907,0.85950875
disco,0.5,0.98391783,0.066611856,0.91730595
hiphop,0.05,0.92444277,0.6315778,0.29286498
hiphop,0.1,0.92444277,0.5668267,0.35761607
hiphop,0.2,0.92444277,0.3390581,0.58538467
hiphop,0.3,0.92444277,0.12491005,0.7995327
hiphop,0.5,0.92444277,0.10592593,0.81851685
jazz,0.05,0.4887597,0.13163675,0.35712296
jazz,0.1,0.4887597,0.08628617,0.4024735
jazz,0.2,0.4887597,0.07714339,0.4116163
jazz,0.3,0.4887597,0.070737675,0.41802204
jazz,0.5,0.4887597,0.03572922,0.45303047
metal,0.05,0.58373326,0.068666525,0.51506674
metal,0.1,0.58373326,0.05707218,0.5266611
metal,0.2,0.58373326,0.07690761,0.5068256
metal,0.3,0.58373326,0.084316574,0.49941668
metal,0.5,0.58373326,0.053624593,0.5301087
pop,0.05,0.9144442,0.31429052,0.6001537
pop,0.1,0.9144442,0.11810319,0.796341
pop,0.2,0.9144442,0.12556353,0.7888807
pop,0.3,0.9144442,0.056336716,0.8581075
pop,0.5,0.9144442,0.027354691,0.8870895
reggae,0.05,0.66473573,0.1210745,0.54366124
reggae,0.1,0.66473573,0.17853087,0.48620486
reggae,0.2,0.66473573,0.1834605,0.48127523
reggae,0.3,0.66473573,0.15965804,0.5050777
reggae,0.5,0.66473573,0.28448552,0.38025022
rock,0.05,0.5998506,0.15014884,0.44970176
rock,0.1,0.5998506,0.118536405,0.48131418
rock,0.2,0.5998506,0.079520024,0.52033055
rock,0.3,0.5998506,0.09407352,0.50577706
rock,0.5,0.5998506,0.12824397,0.4716066
