genre,pearson_r,spearman_r,top10_iou
blues,0.03706652874822613,0.03936704416703996,0.11352821210061183
classical,0.03774297517750097,-0.0012689923246450188,0.05985118084762213
country,0.16467237998629455,0.14470985974098105,0.18781725888324874
disco,-0.010894494919162716,0.04418726021331846,0.06571242680546518
hiphop,0.17333236313005235,0.2077755005838522,0.09748743718592964
jazz,0.11114959973127937,0.09989569885329537,0.092
metal,0.2020065842149083,0.23881696244776077,0.08764940239043825
pop,0.0965278026685023,-0.004275614114810418,0.13829047949965254
reggae,0.11589927610149199,0.08650382021039274,0.18695652173913044
rock,0.037770687534906866,0.1408028688299163,0.08440913604766634
