genre,silence_shap,high_energy_shap,silence_ratio,edge_shap,center_shap,edge_ratio
blues,0.0016531547152677441,0.0011848436038218123,1.3952396396781848,0.0004967603620948057,0.0006448502207496582,0.7703380455338297
classical,0.0007449988724999877,0.0006688855621846323,1.1137745780025805,0.0003345901906958687,0.0004549739817108007,0.7353889458652254
country,0.0007421694072789478,0.0018657949351152403,0.39777438322249276,0.0003559846915857978,0.0006461498301767709,0.5509235872623195
disco,0.0010863790373860903,0.0017868114297366438,0.6079953034513413,0.0004953556385192848,0.0007607546269224589,0.6511286421441017
hiphop,0.0006987700574081415,0.0014389987741135258,0.48559124167856843,0.0003358177557564845,0.0005907762917609343,0.5684250979411273
jazz,0.0007246861257153974,0.0014303758466308813,0.5066368123134866,0.00043429074922434195,0.0006074827819676536,0.7148903857222555
metal,0.00045287864968329483,0.0007885075709202274,0.5743418617225863,0.00039956675630974385,0.0005286462717464407,0.7558157874298103
pop,0.0013837758805710376,0.0011575815203430418,1.1953922055000612,0.0006166844950325379,0.0008212485045093347,0.7509018069785217
reggae,0.00097495636830851,0.0016664909140305462,0.5850320033431674,0.0003492908630163383,0.0007159366820469819,0.487872730993978
rock,0.0008176435568636308,0.0010241010185426743,0.7983934769368561,0.00047576605322743323,0.000659983928295966,0.7208642880333922
