genre,alignment_r,faithfulness_50,shap_lime_pearson,spurious_ratio
blues,-0.7999999999999999,0.74125046,0.03706652874822613,1.3952396396781848
classical,-0.39999999999999997,0.62599033,0.03774297517750097,1.1137745780025805
country,-1.0,0.8174324,0.16467237998629455,0.39777438322249276
disco,0.0,0.91730595,-0.010894494919162716,0.6079953034513413
hiphop,0.9486832980505139,0.81851685,0.17333236313005235,0.48559124167856843
jazz,-0.39999999999999997,0.45303047,0.11114959973127937,0.5066368123134866
metal,-0.39999999999999997,0.5301087,0.2020065842149083,0.5743418617225863
pop,-0.9486832980505139,0.8870895,0.0965278026685023,1.1953922055000612
reggae,0.19999999999999998,0.38025022,0.11589927610149199,0.5850320033431674
rock,-0.7999999999999999,0.4716066,0.037770687534906866,0.7983934769368561
