filename,genre,pred,correct
hiphop.00054.wav,hiphop,hiphop,1
rock.00055.wav,rock,pop,0
pop.00064.wav,pop,hiphop,0
hiphop.00016.wav,hiphop,hiphop,1
pop.00010.wav,pop,pop,1
pop.00094.wav,pop,pop,1
hiphop.00091.wav,hiphop,hiphop,1
pop.00088.wav,pop,hiphop,0
rock.00025.wav,rock,rock,1
hiphop.00085.wav,hiphop,hiphop,1
pop.00025.wav,pop,hiphop,0
rock.00023.wav,rock,rock,1
pop.00076.wav,pop,hiphop,0
pop.00054.wav,pop,hiphop,0
hiphop.00039.wav,hiphop,hiphop,1
rock.00054.wav,rock,pop,0
hiphop.00012.wav,hiphop,hiphop,1
pop.00032.wav,pop,hiphop,0
rock.00005.wav,rock,rock,1
pop.00095.wav,pop,pop,1
rock.00063.wav,rock,pop,0
rock.00092.wav,rock,rock,1
pop.00000.wav,pop,hiphop,0
hiphop.00018.wav,hiphop,hiphop,1
pop.00020.wav,pop,hiphop,0
hiphop.00051.wav,hiphop,hiphop,1
rock.00058.wav,rock,pop,0
hiphop.00005.wav,hiphop,hiphop,1
pop.00048.wav,pop,hiphop,0
rock.00095.wav,rock,pop,0
pop.00058.wav,pop,hiphop,0
rock.00051.wav,rock,pop,0
rock.00021.wav,rock,rock,1
rock.00074.wav,rock,pop,0
hiphop.00015.wav,hiphop,hiphop,1
hiphop.00062.wav,hiphop,hiphop,1
rock.00069.wav,rock,pop,0
rock.00003.wav,rock,pop,0
hiphop.00029.wav,hiphop,hiphop,1
hiphop.00007.wav,hiphop,pop,0
hiphop.00052.wav,hiphop,hiphop,1
pop.00098.wav,pop,pop,1
rock.00087.wav,rock,rock,1
hiphop.00059.wav,hiphop,hiphop,1
rock.00020.wav,rock,rock,1
rock.00052.wav,rock,pop,0
pop.00084.wav,pop,hiphop,0
rock.00032.wav,rock,rock,1
pop.00085.wav,pop,hiphop,0
pop.00004.wav,pop,hiphop,0
hiphop.00093.wav,hiphop,hiphop,1
hiphop.00004.wav,hiphop,hiphop,1
rock.00083.wav,rock,pop,0
hiphop.00046.wav,hiphop,hiphop,1
pop.00017.wav,pop,pop,1
hiphop.00067.wav,hiphop,hiphop,1
pop.00062.wav,pop,hiphop,0
pop.00026.wav,pop,hiphop,0
hiphop.00057.wav,hiphop,hiphop,1
rock.00061.wav,rock,pop,0
