filename,genre,shap_abs_B1,input_B1,shap_abs_B2,input_B2,shap_abs_B3,input_B3,shap_abs_B4,input_B4
hiphop.00054.wav,hiphop,0.001403612702228596,0.6843193769454956,0.0010678383261188528,0.5256569981575012,0.0005231208609983468,0.4183082580566406,0.0003193029214329883,0.3191434442996979
hiphop.00016.wav,hiphop,0.0013211954168031782,0.6371513605117798,0.0006782843828711749,0.5127829313278198,0.00042446597578107536,0.44558483362197876,0.00024636672522867126,0.34478089213371277
pop.00010.wav,pop,0.000473106006965307,0.7768467664718628,0.000337060543574777,0.5733431577682495,0.0003046251433103631,0.4756171405315399,0.0002293681424468235,0.352902889251709
pop.00094.wav,pop,0.0005063901758675327,0.5683034062385559,0.0003757679977897055,0.6221361756324768,0.00032555816831193767,0.5358409285545349,0.00024334563782263686,0.4256044328212738
hiphop.00091.wav,hiphop,0.0014015779528416595,0.6147091388702393,0.0007147524945000621,0.5777583718299866,0.00041426089017143673,0.528302013874054,0.0003226352798474062,0.42126548290252686
rock.00025.wav,rock,0.0005347327603895391,0.7060014009475708,0.00029829408133837386,0.7116470336914062,0.00038700304630460405,0.6581119298934937,0.00031733676580344636,0.47567662596702576
hiphop.00085.wav,hiphop,0.001653417029097204,0.6680606603622437,0.0007490603545657864,0.6057488918304443,0.00040951346354719474,0.5333672165870667,0.00027977203758314625,0.40892425179481506
rock.00023.wav,rock,0.0005621647817106501,0.748984158039093,0.0003157413556800215,0.693723738193512,0.00030706070909000574,0.6053407192230225,0.00024760876088913904,0.5205956697463989
hiphop.00039.wav,hiphop,0.002261403855304667,0.4805813431739807,0.0010029388103268034,0.4238993227481842,0.0007100710029542437,0.3097723126411438,0.00041720775952785197,0.2931901216506958
hiphop.00012.wav,hiphop,0.0008647219609979384,0.7533175349235535,0.0007161082783123885,0.6516130566596985,0.000374424975453202,0.5649539232254028,0.0002556400877373512,0.40190717577934265
rock.00005.wav,rock,0.0004644506605701509,0.7413631677627563,0.00030525809036831,0.6948859095573425,0.0002746543132500906,0.6222842335700989,0.00014985831795600105,0.34960952401161194
pop.00095.wav,pop,0.0005448289235459924,0.6680761575698853,0.00037608738710918357,0.5519646406173706,0.000331715562359558,0.3755282461643219,0.00020064433224379407,0.3759738504886627
rock.00092.wav,rock,0.0006243063716525388,0.743929386138916,0.00026856365906604565,0.6990386247634888,0.00038726332598591594,0.667833685874939,0.0002666103115404792,0.4821440875530243
hiphop.00018.wav,hiphop,0.0014703281557563604,0.6928318738937378,0.0007606290113456287,0.5884894132614136,0.00039229978535400224,0.5051844716072083,0.00032473646793394875,0.40518316626548767
hiphop.00051.wav,hiphop,0.0011615063747018484,0.7425850033760071,0.0011472700364475133,0.5837069749832153,0.0004908334824865834,0.39885199069976807,0.00041298725574724144,0.3703092038631439
hiphop.00005.wav,hiphop,0.001086044811589537,0.7395238876342773,0.0006176645019924431,0.6270636320114136,0.0003733137243030435,0.5330694317817688,0.0003407830163066356,0.424595445394516
rock.00021.wav,rock,0.0005493946063982236,0.763309121131897,0.0003096278818519538,0.716365396976471,0.00041264710072971963,0.6510379314422607,0.0003096340263148989,0.453737735748291
hiphop.00015.wav,hiphop,0.0012462558144551218,0.6973080039024353,0.0006841624007928315,0.6355166435241699,0.00034266535427511903,0.5365497469902039,0.00029171516713860933,0.38379451632499695
hiphop.00062.wav,hiphop,0.001688976289905142,0.6081333160400391,0.0011482810873827687,0.4473719596862793,0.0005343934864292493,0.4002330005168915,0.000435852890017925,0.2888275980949402
hiphop.00029.wav,hiphop,0.0016845098297603833,0.5634416341781616,0.0007557998360811984,0.48122215270996094,0.0003953790768317611,0.4436798095703125,0.0003134085941271173,0.3602698743343353
hiphop.00052.wav,hiphop,0.0011681727588379153,0.7097824811935425,0.000707465569906085,0.5496978759765625,0.00039292358036457475,0.41602545976638794,0.0003644563066036432,0.36724868416786194
pop.00098.wav,pop,0.00041224122092482497,0.663692831993103,0.0002970075442333325,0.6479805111885071,0.0004498731831956393,0.6052273511886597,0.0003619644339101132,0.5106585621833801
rock.00087.wav,rock,0.000665923691324144,0.8091663122177124,0.00029380546047960145,0.6956841349601746,0.0003860291845653974,0.6360073685646057,0.0002769491207989562,0.46598169207572937
hiphop.00059.wav,hiphop,0.0009304181724239746,0.7630764245986938,0.0006695839216273036,0.5409424901008606,0.0003976932646412737,0.46702057123184204,0.0003976076504939588,0.3388768136501312
rock.00020.wav,rock,0.0005316542550772519,0.7502657175064087,0.0003862633867654619,0.7534586191177368,0.0003987807747371319,0.6789240837097168,0.00037209036565050146,0.5016276836395264
rock.00032.wav,rock,0.0006487470808441032,0.7285748720169067,0.00030126431264042574,0.6075121760368347,0.0003148212082910873,0.5346198081970215,0.00021494417491083688,0.39433160424232483
hiphop.00093.wav,hiphop,0.0011009944180538245,0.6673601269721985,0.0010267650366790615,0.4542657434940338,0.0004692011903805392,0.39875930547714233,0.0002494644275423627,0.3613646924495697
hiphop.00004.wav,hiphop,0.0017112391736676448,0.6249656081199646,0.0009889738513489288,0.423165500164032,0.0005115641394211201,0.36332565546035767,0.00037063707327331455,0.2667425870895386
hiphop.00046.wav,hiphop,0.0011485959226677166,0.6926003694534302,0.0009045253225652943,0.5508447885513306,0.0004797197801029964,0.40702155232429504,0.00042144669755344216,0.3000446856021881
pop.00017.wav,pop,0.00046108906843210783,0.6615581512451172,0.00039254473205055926,0.6197370290756226,0.0002668467551679249,0.41702041029930115,0.0001896904408068264,0.27778562903404236
hiphop.00067.wav,hiphop,0.0022094143864177076,0.5812684297561646,0.0009469189421194956,0.4848446846008301,0.000481994831484326,0.4162976145744324,0.00036241957911877187,0.3615444004535675
hiphop.00057.wav,hiphop,0.0009857654769402425,0.723278820514679,0.000849719909335106,0.507018506526947,0.00040368492509374273,0.44551414251327515,0.000285570678598664,0.3155449330806732
