track_id,genre,pred,correct
114398,rock,rock,1
84788,rock,rock,1
127296,pop,rock,0
110756,hiphop,hiphop,1
131656,rock,rock,1
136091,rock,jazz,0
98549,hiphop,disco,0
56460,pop,metal,0
126944,rock,rock,1
64006,pop,country,0
97989,hiphop,hiphop,1
149078,pop,country,0
126300,rock,reggae,0
123966,hiphop,hiphop,1
119940,hiphop,metal,0
114272,hiphop,rock,0
61668,hiphop,reggae,0
121415,rock,rock,1
132779,pop,country,0
113164,rock,metal,0
123825,rock,country,0
146724,hiphop,country,0
121867,rock,metal,0
54753,hiphop,hiphop,1
154413,pop,classical,0
97692,hiphop,rock,0
56650,rock,country,0
91349,pop,rock,0
58215,hiphop,rock,0
148246,rock,disco,0
129096,rock,country,0
95535,rock,rock,1
97988,hiphop,hiphop,1
83715,hiphop,rock,0
12552,pop,rock,0
13218,pop,country,0
116833,rock,metal,0
32882,hiphop,hiphop,1
148285,pop,country,0
124391,rock,metal,0
73468,pop,country,0
149102,pop,reggae,0
127285,pop,metal,0
51276,pop,disco,0
90570,pop,hiphop,0
35527,rock,rock,1
53937,pop,country,0
39665,pop,country,0
48369,rock,metal,0
35539,rock,jazz,0
79610,hiphop,hiphop,1
96946,pop,country,0
98573,hiphop,hiphop,1
104065,pop,country,0
109350,rock,metal,0
138062,pop,classical,0
121323,hiphop,hiphop,1
36616,pop,country,0
142083,hiphop,reggae,0
54621,rock,metal,0
134825,hiphop,pop,0
103808,hiphop,hiphop,1
57891,rock,rock,1
82462,rock,blues,0
60476,hiphop,rock,0
64626,hiphop,disco,0
42914,pop,hiphop,0
14740,rock,rock,1
52042,pop,hiphop,0
110410,rock,metal,0
142418,rock,metal,0
72513,rock,reggae,0
40139,rock,country,0
84111,hiphop,hiphop,1
48368,rock,metal,0
64520,hiphop,hiphop,1
51278,pop,metal,0
37730,rock,metal,0
108812,hiphop,rock,0
52035,pop,rock,0
132962,hiphop,hiphop,1
27547,pop,classical,0
108495,hiphop,disco,0
4780,rock,country,0
26020,hiphop,disco,0
12527,pop,country,0
18607,rock,classical,0
145746,hiphop,hiphop,1
14745,rock,country,0
26765,pop,classical,0
182,rock,metal,0
38435,rock,blues,0
110776,hiphop,hiphop,1
66641,pop,hiphop,0
61591,pop,hiphop,0
78852,hiphop,hiphop,1
17735,rock,metal,0
137716,rock,classical,0
113034,hiphop,hiphop,1
140621,hiphop,hiphop,1
11268,rock,metal,0
86419,rock,metal,0
137212,rock,metal,0
10,pop,disco,0
2099,pop,country,0
143989,rock,jazz,0
4799,rock,jazz,0
11861,hiphop,hiphop,1
69747,pop,metal,0
69824,hiphop,rock,0
129674,hiphop,rock,0
62458,rock,metal,0
84291,rock,metal,0
22091,hiphop,hiphop,1
107046,pop,hiphop,0
145027,rock,country,0
18144,pop,rock,0
7492,hiphop,disco,0
119584,pop,rock,0
131773,pop,rock,0
27164,pop,country,0
7487,hiphop,hiphop,1
108499,hiphop,hiphop,1
71937,rock,classical,0
37417,hiphop,hiphop,1
47921,rock,classical,0
69822,hiphop,blues,0
98565,hiphop,hiphop,1
97569,hiphop,hiphop,1
71252,hiphop,hiphop,1
145258,rock,disco,0
129055,pop,hiphop,0
57437,pop,rock,0
28260,rock,metal,0
138210,rock,metal,0
32695,hiphop,reggae,0
123647,hiphop,hiphop,1
43857,hiphop,rock,0
137901,hiphop,hiphop,1
109962,pop,blues,0
127303,pop,country,0
111390,pop,classical,0
110263,hiphop,hiphop,1
150017,pop,reggae,0
3535,pop,rock,0
98548,hiphop,hiphop,1
123438,hiphop,country,0
66535,rock,rock,1
96399,rock,metal,0
67558,rock,jazz,0
113024,pop,jazz,0
59445,pop,rock,0
59454,pop,metal,0
130454,hiphop,hiphop,1
58164,pop,rock,0
119187,pop,hiphop,0
16995,rock,country,0
98547,hiphop,classical,0
11919,hiphop,hiphop,1
33460,rock,country,0
144587,pop,country,0
77571,hiphop,hiphop,1
41825,pop,metal,0
13735,hiphop,hiphop,1
126047,rock,metal,0
25124,pop,rock,0
777,rock,metal,0
54234,pop,reggae,0
86417,rock,metal,0
138065,pop,rock,0
145067,rock,metal,0
149099,pop,country,0
127185,pop,country,0
110735,hiphop,reggae,0
108505,rock,metal,0
71255,hiphop,pop,0
123614,hiphop,hiphop,1
695,hiphop,hiphop,1
54037,pop,metal,0
75751,hiphop,hiphop,1
67333,pop,jazz,0
68909,rock,pop,0
132795,pop,country,0
128709,rock,metal,0
18887,rock,country,0
114415,rock,metal,0
71694,hiphop,disco,0
114041,hiphop,hiphop,1
256,rock,metal,0
147956,rock,country,0
148288,pop,rock,0
127281,pop,country,0
113016,pop,disco,0
142402,rock,metal,0
111382,pop,rock,0
32326,pop,hiphop,0
126431,pop,rock,0
75754,hiphop,hiphop,1
22475,pop,country,0
88960,rock,metal,0
26017,hiphop,hiphop,1
129973,rock,metal,0
96401,rock,metal,0
95308,rock,rock,1
121320,hiphop,rock,0
114042,hiphop,reggae,0
1040,rock,metal,0
71241,hiphop,reggae,0
132790,pop,jazz,0
123976,hiphop,hiphop,1
10699,hiphop,rock,0
64008,pop,country,0
26034,hiphop,hiphop,1
52034,pop,disco,0
33020,rock,classical,0
75784,rock,country,0
36990,hiphop,metal,0
55100,hiphop,metal,0
13767,hiphop,hiphop,1
6778,rock,metal,0
145068,rock,metal,0
21404,pop,rock,0
123442,hiphop,hiphop,1
111934,hiphop,hiphop,1
138067,pop,metal,0
71715,rock,rock,1
33538,rock,jazz,0
94631,pop,blues,0
133276,rock,country,0
89704,rock,rock,1
67556,rock,country,0
39530,pop,disco,0
75937,hiphop,pop,0
122911,rock,metal,0
145705,pop,hiphop,0
13566,hiphop,hiphop,1
154307,hiphop,reggae,0
19760,pop,country,0
26012,hiphop,pop,0
62586,rock,rock,1
128699,rock,metal,0
54235,pop,blues,0
109973,pop,classical,0
121322,hiphop,metal,0
137899,hiphop,hiphop,1
68820,rock,metal,0
47894,pop,classical,0
46078,hiphop,hiphop,1
138060,rock,country,0
19187,rock,country,0
153337,hiphop,hiphop,1
109960,pop,classical,0
87324,pop,country,0
84605,pop,rock,0
127268,pop,country,0
78156,hiphop,blues,0
41095,rock,country,0
110777,hiphop,hiphop,1
96402,rock,metal,0
127274,pop,rock,0
137895,hiphop,hiphop,1
1720,rock,rock,1
129914,hiphop,hiphop,1
141375,hiphop,disco,0
124483,pop,rock,0
126429,pop,country,0
139461,rock,country,0
98618,hiphop,rock,0
123439,hiphop,metal,0
100959,hiphop,rock,0
78998,hiphop,disco,0
108502,rock,metal,0
10694,hiphop,hiphop,1
95231,rock,rock,1
137632,rock,metal,0
149124,hiphop,hiphop,1
65755,pop,rock,0
141168,hiphop,hiphop,1
11777,hiphop,disco,0
97987,hiphop,hiphop,1
96657,hiphop,hiphop,1
129372,pop,country,0
71216,hiphop,metal,0
45122,pop,hiphop,0
123474,rock,country,0
61821,rock,hiphop,0
133479,rock,disco,0
114040,hiphop,reggae,0
112315,rock,metal,0
143221,rock,disco,0
112528,rock,metal,0
108428,pop,disco,0
42844,rock,metal,0
6609,hiphop,disco,0
32693,hiphop,disco,0
107048,pop,rock,0
122503,pop,classical,0
10805,pop,rock,0
108845,hiphop,reggae,0
122620,rock,rock,1
20050,rock,rock,1
66539,rock,country,0
126676,rock,rock,1
47916,rock,classical,0
144937,pop,hiphop,0
46930,pop,country,0
58540,rock,metal,0
72131,hiphop,hiphop,1
111402,pop,disco,0
120189,pop,disco,0
58543,rock,rock,1
75390,hiphop,hiphop,1
19417,pop,blues,0
115764,rock,country,0
48015,rock,disco,0
99345,rock,metal,0
95251,rock,classical,0
129053,pop,hiphop,0
51274,pop,hiphop,0
145199,rock,classical,0
69555,hiphop,reggae,0
11771,hiphop,rock,0
114045,hiphop,hiphop,1
149100,pop,rock,0
29243,pop,country,0
134824,hiphop,rock,0
12521,rock,reggae,0
54664,pop,blues,0
114402,rock,classical,0
127559,rock,rock,1
93950,rock,rock,1
71250,hiphop,reggae,0
71719,rock,rock,1
85308,pop,rock,0
128476,pop,country,0
19729,hiphop,hiphop,1
67163,rock,rock,1
63226,pop,country,0
43844,hiphop,hiphop,1
136469,hiphop,rock,0
42044,rock,metal,0
86416,hiphop,disco,0
24418,hiphop,rock,0
6442,hiphop,hiphop,1
110779,hiphop,rock,0
113303,rock,metal,0
98626,hiphop,hiphop,1
63045,rock,rock,1
11783,hiphop,hiphop,1
111371,pop,hiphop,0
67359,pop,country,0
28479,pop,classical,0
138038,pop,rock,0
32329,pop,country,0
132961,hiphop,hiphop,1
75746,hiphop,hiphop,1
104068,pop,rock,0
11917,hiphop,pop,0
148517,pop,country,0
122079,rock,country,0
48990,rock,blues,0
89860,hiphop,hiphop,1
125779,rock,metal,0
108457,pop,disco,0
137426,rock,rock,1
119574,rock,rock,1
75933,hiphop,pop,0
145728,hiphop,rock,0
127275,pop,country,0
131452,pop,metal,0
111335,rock,metal,0
110985,rock,metal,0
116389,hiphop,rock,0
64841,pop,rock,0
126404,pop,rock,0
132791,pop,country,0
12387,pop,rock,0
62655,rock,metal,0
43858,hiphop,rock,0
73520,rock,metal,0
128927,hiphop,disco,0
28274,rock,classical,0
48454,pop,blues,0
40134,rock,metal,0
108968,rock,rock,1
122504,pop,rock,0
141182,pop,classical,0
55710,rock,classical,0
21677,pop,rock,0
28477,pop,rock,0
105142,rock,metal,0
131021,hiphop,hiphop,1
137417,rock,rock,1
67366,pop,rock,0
141735,hiphop,hiphop,1
55124,hiphop,hiphop,1
73318,rock,metal,0
54376,hiphop,hiphop,1
32021,rock,blues,0
132781,pop,country,0
11198,pop,rock,0
135339,pop,reggae,0
11790,hiphop,hiphop,1
29255,pop,rock,0
128482,pop,country,0
106872,rock,country,0
89178,hiphop,reggae,0
108842,hiphop,hiphop,1
108500,hiphop,disco,0
71372,rock,metal,0
32333,pop,hiphop,0
141164,hiphop,hiphop,1
129919,hiphop,hiphop,1
10669,rock,metal,0
22093,rock,rock,1
130265,pop,disco,0
149626,hiphop,hiphop,1
1883,rock,metal,0
9553,rock,metal,0
53228,pop,classical,0
68601,hiphop,hiphop,1
113020,pop,jazz,0
26016,hiphop,hiphop,1
85598,pop,rock,0
60736,rock,classical,0
142553,pop,rock,0
11264,rock,hiphop,0
146148,hiphop,hiphop,1
110265,hiphop,hiphop,1
121734,pop,country,0
143215,rock,country,0
29587,hiphop,pop,0
92131,pop,classical,0
73551,hiphop,hiphop,1
135372,rock,rock,1
29807,rock,country,0
85425,pop,country,0
16879,hiphop,hiphop,1
127290,pop,country,0
19438,hiphop,disco,0
6443,hiphop,hiphop,1
42911,pop,disco,0
1891,rock,classical,0
92129,pop,classical,0
142091,hiphop,hiphop,1
27802,pop,reggae,0
129095,rock,country,0
127276,pop,rock,0
67233,hiphop,blues,0
70409,rock,rock,1
110636,rock,metal,0
43773,pop,classical,0
69745,pop,classical,0
87490,rock,metal,0
141180,pop,hiphop,0
59561,rock,country,0
51267,pop,disco,0
130170,hiphop,hiphop,1
64364,pop,reggae,0
112735,rock,metal,0
114050,hiphop,disco,0
138064,pop,classical,0
145711,pop,rock,0
129362,pop,country,0
111375,pop,jazz,0
36988,hiphop,hiphop,1
94102,rock,country,0
64365,pop,jazz,0
37416,hiphop,hiphop,1
120112,pop,classical,0
135337,pop,country,0
110084,hiphop,hiphop,1
145780,rock,rock,1
130682,rock,metal,0
67007,pop,country,0
55285,pop,country,0
129093,rock,rock,1
32760,pop,rock,0
75786,rock,hiphop,0
121317,hiphop,hiphop,1
95908,hiphop,hiphop,1
112734,rock,metal,0
75747,hiphop,hiphop,1
125722,pop,classical,0
144940,pop,disco,0
72468,hiphop,reggae,0
5,hiphop,hiphop,1
111306,rock,rock,1
85951,pop,country,0
69726,rock,metal,0
143218,rock,classical,0
71157,hiphop,hiphop,1
55290,pop,classical,0
63770,hiphop,country,0
62448,pop,reggae,0
63043,rock,classical,0
109355,rock,rock,1
36966,pop,hiphop,0
89847,hiphop,hiphop,1
75752,hiphop,hiphop,1
113513,rock,classical,0
87194,pop,rock,0
62748,pop,classical,0
58334,rock,metal,0
115765,rock,metal,0
137935,rock,metal,0
39663,pop,jazz,0
123979,hiphop,country,0
138039,pop,rock,0
135342,pop,country,0
69744,pop,jazz,0
98557,hiphop,hiphop,1
11781,hiphop,hiphop,1
72787,hiphop,classical,0
44917,rock,rock,1
71242,hiphop,hiphop,1
21996,pop,hiphop,0
56273,pop,country,0
13749,hiphop,hiphop,1
52036,pop,country,0
26298,pop,rock,0
147021,hiphop,hiphop,1
111388,pop,country,0
54039,pop,country,0
63470,rock,metal,0
98550,hiphop,rock,0
6608,hiphop,metal,0
85592,pop,rock,0
122085,rock,rock,1
131552,rock,metal,0
66537,rock,rock,1
9491,rock,disco,0
98025,rock,metal,0
55123,hiphop,hiphop,1
129962,rock,metal,0
97691,hiphop,hiphop,1
109468,rock,metal,0
145702,pop,disco,0
4108,rock,metal,0
91158,pop,reggae,0
113021,pop,country,0
129970,rock,rock,1
26638,rock,rock,1
149623,hiphop,hiphop,1
143237,pop,country,0
55097,hiphop,reggae,0
114037,hiphop,country,0
123980,hiphop,reggae,0
4836,rock,rock,1
1642,pop,blues,0
113530,rock,classical,0
71248,hiphop,pop,0
21402,pop,blues,0
3833,rock,metal,0
137567,rock,classical,0
58207,hiphop,rock,0
61589,pop,hiphop,0
69723,rock,metal,0
32340,pop,country,0
75377,hiphop,metal,0
57823,hiphop,reggae,0
27550,pop,country,0
137211,rock,country,0
117883,rock,classical,0
107805,rock,metal,0
142552,pop,pop,1
89192,hiphop,rock,0
146713,hiphop,hiphop,1
64628,hiphop,disco,0
22476,pop,classical,0
110778,hiphop,hiphop,1
148287,pop,classical,0
127297,pop,rock,0
112065,rock,metal,0
148586,pop,hiphop,0
75928,hiphop,disco,0
75750,hiphop,hiphop,1
58221,rock,rock,1
3533,pop,rock,0
12173,hiphop,hiphop,1
132963,hiphop,hiphop,1
119939,hiphop,hiphop,1
127912,pop,rock,0
71254,hiphop,country,0
11766,hiphop,hiphop,1
91163,pop,country,0
91468,pop,disco,0
78847,hiphop,classical,0
127299,pop,rock,0
36643,pop,rock,0
13561,hiphop,hiphop,1
129098,rock,country,0
10693,hiphop,hiphop,1
139769,rock,metal,0
148289,pop,rock,0
126666,rock,rock,1
71622,rock,country,0
59876,rock,country,0
12531,hiphop,hiphop,1
