track_id,genre,shap_abs_B1,input_B1,shap_abs_B2,input_B2,shap_abs_B3,input_B3,shap_abs_B4,input_B4
114398,rock,0.0016745245548766441,0.6211580038070679,0.0002858164223495486,0.6236814856529236,0.0004488929621673643,0.6283723711967468,0.0005322509006082341,0.3438708782196045
84788,rock,0.0015133511230339236,0.7895048260688782,0.0004433133257530919,0.6958171129226685,0.000669480963733044,0.6089750528335571,0.000606881282353075,0.4006657302379608
110756,hiphop,0.0018148404965659948,0.7519000172615051,0.0007348987196417495,0.6561964154243469,0.0003812029311968657,0.5577648282051086,0.00029122944543233197,0.4152246415615082
131656,rock,0.0015806244441251005,0.7592653036117554,0.0006702045135370538,0.6770697236061096,0.0006301541381188158,0.6219645142555237,0.0006877336551695349,0.4970371425151825
126944,rock,0.0012592083163543322,0.777687668800354,0.00046773463304922435,0.7305490374565125,0.0007124326223301725,0.6502488851547241,0.0005212212685443787,0.4278922379016876
97989,hiphop,0.0009934538935729264,0.5705171823501587,0.0009652484780188541,0.5816509127616882,0.0005373688417321199,0.48729315400123596,0.00047321152440894565,0.3565658628940582
123966,hiphop,0.0021208018986983656,0.6821866035461426,0.000788065703525806,0.5061899423599243,0.00039639180353328,0.4930957853794098,0.0004982477781220301,0.39276954531669617
121415,rock,0.0014864189451912909,0.8215464353561401,0.0005910584847737238,0.7062697410583496,0.0005052841062990354,0.5539602041244507,0.0004486743218547658,0.3750022351741791
54753,hiphop,0.0014951460175201881,0.6910926699638367,0.0005932764532591839,0.5839803218841553,0.0003907596345879142,0.47825905680656433,0.0005057143741181482,0.33262863755226135
95535,rock,0.001656960861118595,0.7659015655517578,0.0005377560239704093,0.7224319577217102,0.0006909945306784326,0.6574081182479858,0.0005439289283515845,0.4745749533176422
97988,hiphop,0.002214244135648702,0.6608768701553345,0.0006674752804335382,0.450815349817276,0.0005061662502518805,0.3194941580295563,0.0006661673438690418,0.20032882690429688
32882,hiphop,0.0012812623976824256,0.712905764579773,0.000875399806161159,0.5842450261116028,0.0004926188806221088,0.49561187624931335,0.0004339053720568339,0.3827090263366699
35527,rock,0.002258104316314136,0.8324925303459167,0.00056946974519895,0.6417948603630066,0.000587781228641113,0.5817229747772217,0.0006481299192251239,0.4474972188472748
79610,hiphop,0.001947598385679683,0.6525329947471619,0.0007776680285202509,0.5509304404258728,0.0004200113235771635,0.44427940249443054,0.00047618060102347083,0.3559875786304474
98573,hiphop,0.0019173619528958686,0.726607620716095,0.0006421236784914797,0.6553540825843811,0.00044638757184204623,0.5556951761245728,0.000397258424734023,0.42675402760505676
121323,hiphop,0.002247884666181754,0.7762318849563599,0.0006498280634966491,0.6001250147819519,0.0005204852239611868,0.3791559636592865,0.0006561738768386371,0.23463483154773712
103808,hiphop,0.0014916394236953088,0.7153176069259644,0.0008256657314731575,0.4644767642021179,0.0004991850355947824,0.3249269127845764,0.0004683847921093497,0.26005247235298157
57891,rock,0.0012779028895982592,0.7845852971076965,0.000508430935847587,0.7754681706428528,0.0007958235785795808,0.7184506058692932,0.000776535769954396,0.5276451110839844
14740,rock,0.0014037661648947264,0.7534064054489136,0.0005073430514694166,0.6831939816474915,0.0003766199049474539,0.5351076722145081,0.00037548417649913766,0.3673721253871918
84111,hiphop,0.002033313047374108,0.6815954446792603,0.0007180227246427418,0.5606335401535034,0.00035992637433037046,0.45505180954933167,0.0005530785673255877,0.34577271342277527
64520,hiphop,0.0011506272301219146,0.7209156155586243,0.0007860212009097652,0.6078532338142395,0.0004553093221546645,0.489773154258728,0.0004406883932575427,0.3582059442996979
132962,hiphop,0.0013013697105257016,0.7353218793869019,0.0008734753989745103,0.5745612978935242,0.0005391001558693989,0.3722856044769287,0.00039794061968109664,0.3440872132778168
145746,hiphop,0.0010219033883650751,0.7021737694740295,0.0008984985556464653,0.6237977147102356,0.00047042997645357546,0.48044875264167786,0.0004620119209981792,0.38388505578041077
110776,hiphop,0.001903416913370215,0.7307851910591125,0.001017165646262852,0.6494128704071045,0.0003979579296236517,0.5595141053199768,0.0003596412542147265,0.4087979793548584
78852,hiphop,0.001177397269757119,0.6455307006835938,0.0009266290559323209,0.6290667653083801,0.0004733164742666185,0.48761123418807983,0.0005097862307829626,0.32144370675086975
113034,hiphop,0.001667710046657156,0.6514699459075928,0.000829840960681838,0.5554057955741882,0.0004787025578851897,0.3865523636341095,0.000437469134311725,0.31999340653419495
140621,hiphop,0.0014967421834084504,0.7225269079208374,0.0007076999796399308,0.5622701644897461,0.00035098243515108455,0.4911636412143707,0.0003900114091126029,0.36127278208732605
11861,hiphop,0.001921698075146938,0.8006277084350586,0.0010335347092902875,0.6435915231704712,0.0004399262846353519,0.527157723903656,0.0005201194795945529,0.4564744532108307
22091,hiphop,0.0016780619431039589,0.6069508790969849,0.0009054137029860298,0.4969515800476074,0.0005390367235186555,0.39104706048965454,0.0004766579949452782,0.31333842873573303
7487,hiphop,0.0009732342835014673,0.7507637143135071,0.0006912943377027858,0.6062749028205872,0.0004085387197821393,0.4522351026535034,0.00042893625382920314,0.3511788845062256
108499,hiphop,0.001349713779232964,0.6956399083137512,0.0008185966327571098,0.49255457520484924,0.0004720193844368951,0.4439375698566437,0.00036411121901160255,0.402538925409317
37417,hiphop,0.0019571947925365206,0.6296716928482056,0.0006513214918952958,0.5392188429832458,0.0003715115700285025,0.5055345296859741,0.0003452330367395978,0.3723623752593994
98565,hiphop,0.001966912851948521,0.43407076597213745,0.0008362065588727319,0.3540716767311096,0.0004445675124239029,0.3092538118362427,0.00048150697232134457,0.2650514543056488
97569,hiphop,0.000889448185602637,0.6814380884170532,0.0008913030402360577,0.5623844265937805,0.0005210219892138989,0.4065578579902649,0.0004144028862472961,0.31294822692871094
71252,hiphop,0.001871011189188998,0.6818744540214539,0.000919818491149535,0.5801476836204529,0.0003611132602438793,0.49130067229270935,0.0004348620099885395,0.3801302909851074
123647,hiphop,0.0017212297905587538,0.7252580523490906,0.0008811281691440742,0.5509306192398071,0.0003838954128150063,0.44683945178985596,0.0004833150634265854,0.3820429742336273
137901,hiphop,0.001462238159525378,0.7007803320884705,0.0008576491651841184,0.5460408926010132,0.0004195075490788769,0.41378358006477356,0.00040902170970329627,0.32504403591156006
110263,hiphop,0.0015494409656290563,0.5428494215011597,0.000991730736807954,0.5922219157218933,0.0004527527535739756,0.5432918667793274,0.00043883250786805734,0.49350497126579285
98548,hiphop,0.00175213627662818,0.6573492288589478,0.0007311111249024172,0.5435829162597656,0.0004437690195605126,0.4821730852127075,0.00035633579242835096,0.3956156075000763
66535,rock,0.0016326760562438204,0.801172137260437,0.00046603193096285964,0.7278035879135132,0.0007495119280285755,0.6894993782043457,0.0008980553123794935,0.5352306365966797
130454,hiphop,0.0018945443200838908,0.5498025417327881,0.0009072766541995847,0.3370346426963806,0.00045902925604561105,0.3363020420074463,0.00047260784122040805,0.15936708450317383
11919,hiphop,0.0019205728079749462,0.7075901031494141,0.0007473944650649878,0.5403130054473877,0.0003312413636937661,0.48661625385284424,0.0003121575312367818,0.4285934865474701
77571,hiphop,0.0016898186186430132,0.6614290475845337,0.0007700527379169011,0.5727436542510986,0.0004232166749953031,0.5423296093940735,0.00043769449842484656,0.39664363861083984
13735,hiphop,0.0012633101498919941,0.7891026139259338,0.0010566982778227318,0.6568565368652344,0.0004491422818642188,0.4576684832572937,0.0005962519338050016,0.4609188735485077
123614,hiphop,0.0016668403889056548,0.711326539516449,0.0009889025482591018,0.6021572351455688,0.00036263059001357816,0.4901881515979767,0.000491889957965295,0.3867698907852173
695,hiphop,0.0015921347522239947,0.7252546548843384,0.0007733664643362781,0.6229920983314514,0.0004551199472230419,0.5759484171867371,0.0004235979546378706,0.44244691729545593
75751,hiphop,0.0025869494040159286,0.29464972019195557,0.0011074235363657259,0.520423412322998,0.0005771884206343847,0.4269709289073944,0.0005396670983897194,0.35306641459465027
114041,hiphop,0.0015538410120912616,0.5660001039505005,0.000574819918229752,0.5943316221237183,0.0006162322300121952,0.2602442800998688,0.0005595504996692662,0.19522565603256226
75754,hiphop,0.001633686175412663,0.7670994997024536,0.0008771964574711966,0.6828064322471619,0.00040148268684238043,0.5610661506652832,0.0003655207615246361,0.45468223094940186
26017,hiphop,0.001851178632298911,0.7641136050224304,0.0009715035975764064,0.5637544393539429,0.0004444565779142673,0.42058485746383667,0.0004509845207624802,0.3732782304286957
95308,rock,0.0018964696458718677,0.7401439547538757,0.0005861794831693689,0.5800361633300781,0.0003853085914295629,0.48505744338035583,0.0006600587344724162,0.35689958930015564
123976,hiphop,0.0019581895321415742,0.6108600497245789,0.0008068649783861126,0.5758541822433472,0.00041994310812770496,0.5694742798805237,0.0004336046154319549,0.3883821964263916
26034,hiphop,0.0016626860641276054,0.664639949798584,0.0008097418077681884,0.5847731828689575,0.0003922496267890585,0.41057881712913513,0.0004026871169688755,0.3406270444393158
13767,hiphop,0.001971048066167924,0.6274933218955994,0.0008340119147427494,0.5523212552070618,0.0004020389180295514,0.49896514415740967,0.00045187882040366445,0.396602064371109
123442,hiphop,0.0019824848979344443,0.737219512462616,0.0007415478241906359,0.6181586980819702,0.0003811228108065627,0.54132479429245,0.000576289777905182,0.5012507438659668
111934,hiphop,0.001549234256728424,0.7105159163475037,0.0006684827672695182,0.5305250883102417,0.00039277251491234513,0.41426050662994385,0.00032529951963763265,0.3499074876308441
71715,rock,0.0014012745272824034,0.7433668375015259,0.0007405541794372362,0.7525845766067505,0.0009897075214252028,0.7036031484603882,0.0007016876319242103,0.47569194436073303
89704,rock,0.001417840484110533,0.7521702647209167,0.00045876177254691454,0.7293899655342102,0.0006763895528327435,0.6570390462875366,0.0007837987476346786,0.5177264213562012
13566,hiphop,0.0012746226982234266,0.722314178943634,0.0008443450884658476,0.5526469349861145,0.0004504215917573895,0.4665061831474304,0.00034274744839178254,0.36463990807533264
62586,rock,0.0019757939793810463,0.8316627740859985,0.00046131805171367724,0.6716322302818298,0.0004537426979980702,0.5595152974128723,0.0005130358780686539,0.4052545130252838
137899,hiphop,0.0011408056164776692,0.7873769998550415,0.0010825094119374852,0.6100655198097229,0.00038390039557210985,0.48655521869659424,0.0003902871556658441,0.4031221568584442
46078,hiphop,0.001812023610966529,0.7250313758850098,0.0009506726623438544,0.5683286786079407,0.00042642264427878064,0.48652932047843933,0.00042771388993343915,0.3433391749858856
153337,hiphop,0.0011769925278785286,0.5188172459602356,0.0008856782437331456,0.502678394317627,0.000472815946090816,0.6361232995986938,0.0008022874639859318,0.5931573510169983
110777,hiphop,0.001593785268825121,0.6869158744812012,0.0007675672010547419,0.5577176213264465,0.00032592696406573917,0.5402555465698242,0.0003164096844932987,0.36605677008628845
137895,hiphop,0.0017826430936029758,0.6706538200378418,0.0007708641389525206,0.557774007320404,0.00040693403804900055,0.4342796206474304,0.0004148411381627431,0.3621498644351959
1720,rock,0.0016363901929885571,0.7800574898719788,0.00046051102831872056,0.6791375875473022,0.0005156918973182445,0.5821223855018616,0.0008243334952361356,0.4922272861003876
129914,hiphop,0.0016148907400261952,0.6446989178657532,0.0007166955107166084,0.621280312538147,0.0004959668524441873,0.5033823251724243,0.0005125599037472346,0.4128745496273041
10694,hiphop,0.0018263199671487984,0.6117368340492249,0.000899310308809953,0.316272497177124,0.0006501599634708955,0.17847898602485657,0.0005405890265181741,0.07418415695428848
95231,rock,0.001371296058580107,0.7389039993286133,0.0004914799553512261,0.7425755262374878,0.0008435716079166517,0.697538435459137,0.0005754931201113292,0.47025516629219055
149124,hiphop,0.0016309140268569,0.66679847240448,0.0008294419282229626,0.6082067489624023,0.00048627124370480653,0.49573057889938354,0.00044738949605259773,0.3909440040588379
141168,hiphop,0.0011690504771721733,0.6728315353393555,0.0007759780738403777,0.5478707551956177,0.0004201714567624526,0.44319939613342285,0.0004328230728190552,0.2740503251552582
97987,hiphop,0.001476861214389924,0.41126370429992676,0.0009738056845721488,0.5006318688392639,0.0006209300793173078,0.4416699707508087,0.00043113942506120784,0.3296198844909668
96657,hiphop,0.0013965790293323011,0.7882229089736938,0.0007360853027406744,0.5871840119361877,0.0003687940657017208,0.4903826117515564,0.0005027618304086996,0.357303261756897
122620,rock,0.0015728190375959628,0.7637761235237122,0.00048194644987801236,0.7271525859832764,0.00046398900333861014,0.5687780976295471,0.0004471669233022223,0.3264254331588745
20050,rock,0.0017015026143283763,0.7191643714904785,0.0006667352217195555,0.6014231443405151,0.00046062076197280713,0.5075734853744507,0.0006342135450633831,0.36466681957244873
126676,rock,0.001610933852669838,0.6829001307487488,0.00041822439072596306,0.5847448110580444,0.00042843517712923604,0.41707757115364075,0.0005524455062019274,0.26705318689346313
72131,hiphop,0.0012928767713641597,0.7308889627456665,0.0008673258500491831,0.5717741250991821,0.0003936557034653076,0.42801299691200256,0.00037996697151761427,0.3717496395111084
58543,rock,0.0015382917828542287,0.7247134447097778,0.00047203726502532685,0.6350085139274597,0.0005541165335034775,0.5610383749008179,0.0005076648615750523,0.43986037373542786
75390,hiphop,0.0017144122209463042,0.7251733541488647,0.0007584336684277965,0.5739482641220093,0.0005128437890393171,0.4994787871837616,0.0005043933140820774,0.40588846802711487
114045,hiphop,0.001331585496351595,0.6943975687026978,0.0005999544258831757,0.5765117406845093,0.0004149023574438967,0.3886892795562744,0.0005404039675979515,0.2585800588130951
127559,rock,0.0015861578813304966,0.7680917978286743,0.00048247447363648636,0.7249277234077454,0.0006406815097234886,0.6399296522140503,0.0006910794959094248,0.4993455111980438
93950,rock,0.0015795818494952485,0.7630502581596375,0.0003320383193823551,0.6179529428482056,0.0005332101248161196,0.5571536421775818,0.000476383186389622,0.44271767139434814
71719,rock,0.001238811981565746,0.7225465774536133,0.0004144726133000987,0.5592063665390015,0.000581382443684273,0.5983443260192871,0.0007495703669052346,0.4137668311595917
19729,hiphop,0.0015142633524678928,0.7498331665992737,0.0005238312204296936,0.5798090696334839,0.0003263309996208963,0.4870319068431854,0.0005075814464497227,0.4412418305873871
67163,rock,0.0016985488919345816,0.7910000085830688,0.00048179504228463286,0.647638201713562,0.0004852822246079902,0.5959004759788513,0.0006276598556164114,0.3756045401096344
43844,hiphop,0.0013320070677837969,0.6762207746505737,0.00045813171291881894,0.5852331519126892,0.0003161649507696762,0.4842272996902466,0.00036930499799580203,0.35574817657470703
6442,hiphop,0.0022172427567327623,0.5939282178878784,0.0009177855313107109,0.5844755172729492,0.0003752301982775308,0.47694820165634155,0.0004019751268683019,0.31785473227500916
98626,hiphop,0.0017060264899779298,0.7411279678344727,0.000783544744710074,0.5758246779441833,0.0005747906115460766,0.4257984161376953,0.00048218500397932077,0.3703378736972809
63045,rock,0.0019147241478867372,0.7986329793930054,0.0005701005165330731,0.6635556221008301,0.0005957087880161732,0.5899913311004639,0.000626518133486712,0.4627932608127594
11783,hiphop,0.0017261997477105774,0.6773310899734497,0.0006599846846133018,0.5344609022140503,0.0003958289606788523,0.44490647315979004,0.0005245519286514195,0.4027320444583893
132961,hiphop,0.0018142716420681993,0.7049388289451599,0.0008720444845415259,0.4679965078830719,0.000651534212618714,0.23997646570205688,0.0003965605232496029,0.2878202497959137
75746,hiphop,0.0016352574229864026,0.6929173469543457,0.000980706429049427,0.6145779490470886,0.0005195436330032255,0.5539709329605103,0.0004989668077797551,0.477365106344223
89860,hiphop,0.0017719324688284742,0.5976331830024719,0.0008131537715640236,0.5334263443946838,0.0004344851438345949,0.492357075214386,0.0004152036377333337,0.33046427369117737
137426,rock,0.0022014593316507015,0.8059287071228027,0.0005069537295254847,0.6307048797607422,0.0004661988814288481,0.5344501733779907,0.0006682872159850528,0.4061133861541748
119574,rock,0.0021271426526853878,0.6175990700721741,0.000572591896344643,0.7248143553733826,0.0005506818868324059,0.587897777557373,0.0005148354954188777,0.39116063714027405
108968,rock,0.0015904609127137981,0.7239954471588135,0.0003671436547585061,0.6600232720375061,0.0005893268947141844,0.6476868987083435,0.0005284853336698369,0.42483842372894287
131021,hiphop,0.0014174599875303785,0.6647379994392395,0.0007727405425342893,0.6041409969329834,0.0004157721421523264,0.4520784616470337,0.0004342704730101261,0.3422017991542816
137417,rock,0.0017160848831693442,0.7073763608932495,0.0005072835187662883,0.5474575161933899,0.0005772030303331122,0.5557587146759033,0.0005253975810074439,0.4547204077243805
141735,hiphop,0.0015890018700321917,0.7606836557388306,0.0007358004527707274,0.6069645285606384,0.0004321437304671133,0.526052713394165,0.0005032879490358133,0.33072200417518616
55124,hiphop,0.0016889761401074122,0.7331920862197876,0.0009648295279047425,0.617088794708252,0.0004895850101155252,0.5504112839698792,0.0006074746599672767,0.4888553321361542
54376,hiphop,0.0020830343485279458,0.6313404440879822,0.0007262531806519146,0.5985665321350098,0.000456704493025889,0.5351531505584717,0.00044489066231028087,0.33872222900390625
11790,hiphop,0.0020472760261740497,0.6682025194168091,0.0007996970280866322,0.4035165309906006,0.00045538938148423466,0.310590922832489,0.00037160373462221,0.26137277483940125
108842,hiphop,0.0016873658062467102,0.772324800491333,0.0008573313413700434,0.6448732614517212,0.0005052592323011867,0.5431864261627197,0.000357927440934944,0.3980506956577301
141164,hiphop,0.0016914459293620788,0.7210995554924011,0.0007786527025752221,0.6045833826065063,0.00033756854651259246,0.4908914268016815,0.0005068184522422191,0.4266774356365204
129919,hiphop,0.0016135770022332352,0.7187034487724304,0.0009548607611520987,0.6238077878952026,0.0004415095917635455,0.5108672976493835,0.00040657997833259615,0.4191840887069702
22093,rock,0.0014380472537026013,0.7610463500022888,0.00040667421521746184,0.7158385515213013,0.000814415305518279,0.6461337208747864,0.00043587162918328506,0.4174586832523346
149626,hiphop,0.0014841462560715613,0.5869892835617065,0.000819919586661047,0.6351850032806396,0.0004584627371257674,0.530921220779419,0.00033964054884692347,0.3838843107223511
68601,hiphop,0.0016018579893564144,0.7987959980964661,0.001081686138058667,0.6959055066108704,0.0005019316298425752,0.5797808170318604,0.0005772636091289103,0.4968278408050537
26016,hiphop,0.0014089142818096256,0.7472427487373352,0.0007918213965957932,0.581375002861023,0.0005671578631903749,0.47761571407318115,0.0005240532059263408,0.42489588260650635
146148,hiphop,0.001141667445790695,0.6833808422088623,0.0007210387898907097,0.5658572912216187,0.00035944171972108113,0.4928728938102722,0.0004547032813709805,0.36140355467796326
110265,hiphop,0.002039452442108303,0.5160956978797913,0.0009615620014819636,0.6093279719352722,0.0004465160955513578,0.4544540047645569,0.00045639856902825876,0.4345298111438751
73551,hiphop,0.0017675252368251626,0.7582039833068848,0.0009480549707490793,0.5322283506393433,0.00043672633880171674,0.45311424136161804,0.0004436795072877278,0.33028659224510193
135372,rock,0.0017148768490478973,0.7722300887107849,0.0003735930408118815,0.6887092590332031,0.0006350039651197401,0.6750876903533936,0.0006575534134554781,0.5068525671958923
16879,hiphop,0.0016272484939063858,0.6387255191802979,0.0008593661252210936,0.5175517797470093,0.00048797647379503315,0.3783884346485138,0.000526483767581695,0.2662825584411621
6443,hiphop,0.001772325038129363,0.5470429062843323,0.0006338063711157748,0.5589550733566284,0.0004282358351991111,0.4512244462966919,0.00039966878451269905,0.2435082197189331
142091,hiphop,0.0014348375627499577,0.7083343863487244,0.0008612734081873297,0.549101710319519,0.0004220679700223062,0.44199812412261963,0.0004306021882560015,0.32107114791870117
70409,rock,0.0023683732345235243,0.7513457536697388,0.0006510529453789826,0.5007885694503784,0.0005205287628411704,0.46879562735557556,0.0007367083294223838,0.3540399968624115
130170,hiphop,0.0018343183139181817,0.7326127290725708,0.0007098878376921025,0.5627421736717224,0.0003497556049901773,0.46289417147636414,0.0004238527740457558,0.35034212470054626
36988,hiphop,0.0017588359534893793,0.7011806964874268,0.0008230987100074971,0.4716539978981018,0.00034754452310670035,0.46824827790260315,0.0004122201202730001,0.33147528767585754
37416,hiphop,0.002176785221930544,0.6850693821907043,0.0005960985381525564,0.5628980398178101,0.0003410273488679285,0.4583207070827484,0.0003510719454483385,0.34787261486053467
110084,hiphop,0.0019770703780037204,0.631487250328064,0.0008529477081374956,0.49868831038475037,0.000512322501932952,0.41133278608322144,0.0004147273478159047,0.35263991355895996
145780,rock,0.001717049260152148,0.674497663974762,0.0008085849153360968,0.5347968935966492,0.0004494073395574594,0.44480088353157043,0.0005569703507886554,0.370803564786911
129093,rock,0.0017272984250349844,0.8206882476806641,0.0005925667836678402,0.6959236264228821,0.00047747991870785046,0.6013224124908447,0.0005723134620507381,0.42289793491363525
121317,hiphop,0.0017366488777549095,0.7778703570365906,0.0009101947932464938,0.6851221323013306,0.0004308146422114256,0.5545891523361206,0.00045058501764448357,0.43687668442726135
95908,hiphop,0.0015259493030633565,0.7522438764572144,0.0009314210281499147,0.6673216819763184,0.0004889042158771428,0.5826987028121948,0.0005760356276819271,0.5037959218025208
75747,hiphop,0.0018012380158641595,0.7721288800239563,0.0008939586635076213,0.6358603239059448,0.0004449753914255561,0.5402557253837585,0.0004877561590510837,0.4792189598083496
5,hiphop,0.0016690106802267832,0.6979003548622131,0.0007000447204300153,0.6131068468093872,0.0004333708174964801,0.5043343901634216,0.00040584509208767966,0.3873210847377777
111306,rock,0.001555192475585543,0.7837709188461304,0.00043455799278377947,0.6403118371963501,0.0004313583884506156,0.5651710629463196,0.0006940699605824651,0.48333215713500977
71157,hiphop,0.001404072392354494,0.7440373301506042,0.0008941717162613382,0.6026986837387085,0.000408690397785432,0.4182005822658539,0.0004476710947056059,0.28040337562561035
109355,rock,0.0017108205191828318,0.8160276412963867,0.00044335561594852633,0.7193626165390015,0.0007802871224323615,0.6502769589424133,0.0007277913930801247,0.5095958113670349
89847,hiphop,0.0013812044196545247,0.7799059152603149,0.0008554653480087355,0.556892991065979,0.00041086134888405066,0.4725673794746399,0.0004247082612102518,0.3511230945587158
75752,hiphop,0.0013842687366421025,0.7157185673713684,0.000795943797207066,0.5912339091300964,0.00049466866966838,0.45656880736351013,0.0004570682347048924,0.3437201678752899
98557,hiphop,0.002014136107352904,0.6834282279014587,0.0007834143570605411,0.5953965187072754,0.00036452409681763444,0.531729519367218,0.0004897796694238397,0.45628130435943604
11781,hiphop,0.0015668346352745387,0.7157446146011353,0.0006199024203137448,0.5218213200569153,0.0002994428957720522,0.47603529691696167,0.00042828959785857584,0.21185044944286346
44917,rock,0.002080518205433446,0.8133159875869751,0.0006037553920147466,0.7206240892410278,0.0009790173466507769,0.6762292981147766,0.0005005518117075508,0.4045180380344391
71242,hiphop,0.0018748787191884774,0.7024232149124146,0.0007672991709575472,0.5626028776168823,0.00043575635259394285,0.48398032784461975,0.0004548942696267983,0.390491247177124
13749,hiphop,0.0015443315011906655,0.7161131501197815,0.001008679328898171,0.6315943002700806,0.0004405355226101682,0.5438491106033325,0.0007034383763243886,0.5133426189422607
147021,hiphop,0.0017337001634617267,0.7304502725601196,0.0009288428347118405,0.598172128200531,0.00041197480431099526,0.44251906871795654,0.0004192669349051617,0.33558690547943115
122085,rock,0.002348206399344921,0.7974192500114441,0.0005661982504378659,0.6306507587432861,0.0004505297509017736,0.5177608728408813,0.0007016967623373636,0.41222330927848816
66537,rock,0.0010884145449495896,0.7586016654968262,0.00038331379588141257,0.7166439294815063,0.0008489845149259345,0.6973791718482971,0.001061394203114389,0.562847375869751
55123,hiphop,0.0014740824058149624,0.7236009836196899,0.0008066244013483992,0.5720243453979492,0.0004175350244679843,0.5101141333580017,0.0004670116546624255,0.45011577010154724
97691,hiphop,0.001522519989571075,0.6897552609443665,0.0006760063028965174,0.5272568464279175,0.00036736397167613235,0.4461275339126587,0.0003833628637612254,0.2044910043478012
129970,rock,0.0012108588524742726,0.6833576560020447,0.0005528395102049617,0.6028074026107788,0.0005229045552428801,0.572636067867279,0.0006652552468508991,0.4820258617401123
26638,rock,0.0020970962902462807,0.8095245361328125,0.00046696361944311706,0.5825513601303101,0.00040426629348150664,0.5279574394226074,0.0005402298299085791,0.2963247299194336
149623,hiphop,0.001277061547592062,0.6117408275604248,0.0007901502937401634,0.5817238688468933,0.00044839336346136794,0.4993666112422943,0.0003734167656841518,0.3209356665611267
4836,rock,0.0015500769304964024,0.7886396050453186,0.0006539769431050501,0.7732831835746765,0.0007955082762979787,0.6746911406517029,0.0007774145645908459,0.5412740111351013
142552,pop,0.0008826207347688242,0.7263728976249695,0.0006043983867160873,0.5519539713859558,0.00038196251096057844,0.3837251365184784,0.0008822630559358393,0.2244521826505661
146713,hiphop,0.0015773318325567943,0.7114510536193848,0.0007797769673804523,0.5772278904914856,0.00040207544154973574,0.46109554171562195,0.00044584171600010246,0.43992987275123596
110778,hiphop,0.0016686164025249029,0.7404079437255859,0.0007650706853356892,0.6281825304031372,0.0003455787730599906,0.5437119007110596,0.0003990080064567706,0.4489497244358063
75750,hiphop,0.0015553227810114478,0.6787252426147461,0.000681968379213338,0.5780011415481567,0.00040159192924693165,0.49042534828186035,0.0004237564700007108,0.379132479429245
58221,rock,0.001791333874526746,0.8209483027458191,0.0005560451885088406,0.7058947682380676,0.0008177537527379152,0.6388722658157349,0.0007119818357281272,0.4946175813674927
12173,hiphop,0.0015618352942110114,0.7120910286903381,0.0008622760037626187,0.5892555117607117,0.0004764240201195591,0.4760284125804901,0.0003391787806817282,0.3726281225681305
132963,hiphop,0.0016778653982008507,0.78659588098526,0.0009669822607983436,0.6037477254867554,0.0004086115075364538,0.43351975083351135,0.0004601529747330843,0.2821401059627533
119939,hiphop,0.002000121416768619,0.715973973274231,0.000655004365934897,0.5996407270431519,0.0004397659481977556,0.5372560024261475,0.0004319733420571371,0.4463752210140228
11766,hiphop,0.002049361693673868,0.6354982852935791,0.0006341559789249982,0.5819658637046814,0.0005255420389931151,0.36173370480537415,0.0005654052470702061,0.341703325510025
13561,hiphop,0.0014774191516183422,0.7039276957511902,0.0008093865278235191,0.601672351360321,0.0005201639577504935,0.45174452662467957,0.00047619623954281366,0.38271746039390564
10693,hiphop,0.0023343271484353332,0.44747644662857056,0.0007218615843697984,0.4634943902492523,0.000695016406919553,0.3617289662361145,0.0007091877567224567,0.20357275009155273
126666,rock,0.002358703127800332,0.7841285467147827,0.0005922004636398804,0.6593047380447388,0.0007262562679680828,0.6153433918952942,0.0006363557036303003,0.47205063700675964
12531,hiphop,0.0012894521284582572,0.6966296434402466,0.0008470333006175112,0.6376122236251831,0.0006297782576945799,0.5377998352050781,0.0005030950263553629,0.3948018550872803
