filename,audio_sha256
classical.00072.wav,c7f8e5cebbece16fdbeef4a8f915d3dcb6a7de1197cc06b8a801b87b2c6a099c
blues.00020.wav,af815ba39b11f4e9e417bd7808ea3ca3c31d57d63a485ad86fec9dfa88a162b8
metal.00037.wav,d14da89ad83c231120f32c8984a1fa7f66c048f2359fae09efb7ecf81e279ed1
hiphop.00054.wav,4c124b4ee774fb89a7b66baaf382afc239a9d2c55105352f05852aa4a051e26e
blues.00037.wav,3a6623eacdf8da4ab2f0e4e7e3209fa839a20ac0332db117055fcc6c093bac09
country.00043.wav,588353a3b12fae88b5106cd561d6a1028fffa5818557ccf37d387f8bb679a654
jazz.00079.wav,1f815b74ae41591880de2a3c380d715861dbcdf41f1ce55b398f409a52466692
country.00054.wav,1e90bc4ea6682f079c09c9bde68ff6ae44f6c414a4fb59992fec33b1801203e7
disco.00021.wav,1590cf99ab00e9809c0495e5efc833f5c88021d214499c7177cb58299f33d67e
rock.00055.wav,19622be850b222c1ffd39d9e6183d012ef025e3606f018d1bfdda7d1868d3021
blues.00001.wav,be8530fd9cfcd43182a4356b7da0fbc8a3e2a5c3532e309c357b0cce483e593b
blues.00023.wav,a7f0dfc6b1de993d765c4771e651776c1f5ad3616c7d13515112dffa166c55a0
pop.00064.wav,f363b68c252f37ebe8114580e3131ed9d7888ad96777a02676100d470e583721
blues.00098.wav,f6aa053eee4e5465cf4946e30092639cb3e7dfc7865ad4afec57ca6008afeca0
hiphop.00016.wav,65d08556ad334c6d9348eb7699e7242a23731618e4823158cba92a752b6a95c0
disco.00095.wav,4dbce981583e8c71b7119cdf2fc636faaf4139cb2d58391240398da548e1cc62
reggae.00015.wav,5b5eb52859f911613dc2be4ffd2e2e69f1948b12ae4f780cbe09873906b2a9af
jazz.00062.wav,01372eca2815488ffdf59ab53ced3f13db9779bf67056beb64b2356b378d69d8
metal.00044.wav,d7a7a94ac76dd141c4a99aef660336f48a6e504562a8972116cd0518eb87ee44
metal.00035.wav,2de6cc30b52eacb41fe5f90ac53a42d74c4853b978f6c9657721e4dc8f504c50
country.00000.wav,4fb9f2f74ad041b9135e5f6b04f8cfa0093eec0ed4674c66f10babe988e9652d
metal.00082.wav,32853fbd6c07325d62b2c8413d3f921fc8fd855c2d330e4c822153803011a6d2
blues.00095.wav,2533b53feeddb25f95f5be99737c462cb4460ced4c63978fef9d06b800bfac40
country.00052.wav,227724b7b9714f83779594af46e3f3fad5f63493389a5c7bf742a62ec289963a
metal.00003.wav,e8b6304f866ba1a4182eafdae39ab0e3bee87c447722785ea86bbc9d1f9644e0
classical.00095.wav,b986944b9e535ef1c0aa304e05ed9f4b5b477249894cd8510e2ff54aca007a38
pop.00010.wav,ed3acc854f1467473fd7fb501ec04169853548068fc2f1e7229276a9e55e646a
jazz.00020.wav,e1900f7ed5b537609293ee402e01226c3badf2922954bfe50dae741564cb7629
jazz.00033.wav,55dfc6e206889257608c95382146210f3397a7f178188b5bc084beb65589420f
pop.00094.wav,3b04fc1396c89181ee2e5b3e30b389c651728deb527f69a0cfc27dc8e15845b1
disco.00037.wav,fc52ad3e709c8e26a436517cfb5dedd187ce3c1d52739b594fd7bdd984520ace
country.00055.wav,46685f21e101c9cbe6cc5f684eac59d19a3999b5001598bf7eb9c190baa5a9b0
jazz.00045.wav,42fab520d410dc76c2e870fdc76469e87e310a75ec92d54be8b108ebb91b91e9
hiphop.00091.wav,678a9d61eecb55038992e170e30fecffde05cdead6fe46fe8543263e08e149c6
classical.00043.wav,72043d2f161320846db0c57582eb4b1c1d2787f5a8151741cfe07c82bbfcef52
pop.00088.wav,7ba7fb7bdf9a4bc19f9b997550b8c0a1948c86498c71548452d560311e34d091
rock.00025.wav,fb3a7ba60dbe848b9e0d9c1e2ec1f56e7c1fdf4ce31c59ea1b1e32bc69e2f6cb
hiphop.00085.wav,43c3506b5b6c1835dde6cea9bbea897d87ebd3397fa80fb9991ca1b29cf19dcf
country.00031.wav,fb99205cc54237a0462c593bb472af9ad977806495671d5aa1e231aca9885ccc
disco.00026.wav,8057316de63b222a5de3b6633944a37ca334ec69482d52aeb4aecf86034ed05a
pop.00025.wav,8930637b0036ff47d5f3063b2b8798e4455ab9014746132a46153fe5697360af
rock.00023.wav,f65b319fc4fa6e7b57dac0014d965199d7b8cda3ec023511c2a4beb626498f11
pop.00076.wav,d71425f4e47330d3cf856e26c27e60d9b9381689a064330cc968e744db0362a9
blues.00075.wav,d559138d885199eea876bdff25798283186e41a1b10819332f25777e6f01e497
jazz.00085.wav,41868c1490bcfdecfec8e84af169f1b71db460f10ce231c59799967f4b60cb27
reggae.00007.wav,37d64e80764489f193aafd61f9e00e52a3b6fe8e9a64389a3093f053d71be786
pop.00054.wav,b1ce65d61443db6d5a7821490332b1f71c6597fbdd37e87ee2acdbcd882d8aa0
classical.00034.wav,39d56dd0eb72a23fb36c7fa34a3a7e5d78608aaf10d1aed743af6afe2fa10a8a
hiphop.00039.wav,f6e83c68d87414dd6bb5463cba622b005c6f0becadddeb61ac988d2ff2af0685
jazz.00007.wav,c5c6c20eb67af3d762f4578894116dba904fdf52f8eef632f80330ee8ef83cf5
jazz.00035.wav,21f6efba1275994290d51b9b2c594eab793f6d142ae9d7a7dd5f715e5402c840
rock.00054.wav,8ef26d59a799832a467cb591e10b267760968ffd788b50c9b03be6ab09f73b1d
hiphop.00012.wav,3b2f34afba1ab391a43b9e3ff09340cd7f63e695080972c0ed2c4a0ab444f108
metal.00085.wav,1895a076283045e1d62ce850b24225898d9258f0aa87118589ada358d972042c
pop.00032.wav,1f092cabf83516b15b2cc96c5e50ce7e08a64569e4ad3525a53fe48f00b7fa3a
disco.00007.wav,34b7b3314abfadbe75a878bb4ee168dbfd073a5bd1a1d5cc530283d4a049a13c
disco.00047.wav,f5cc66319b8362e926613ce7243b9d5303b54f08782220cfb38768d029c6eab5
classical.00022.wav,be7333fbd6f7941519c59bad1f45e6665bc53e0b101e7dadf5b0a1377e497f21
classical.00040.wav,1231202b2b13cc99ecf0c1dbb8a69e4ae7968f5c0c66e7544d5acf39ac4e579b
reggae.00066.wav,9c8ce297d982b369b175d5f80dda3a46439b530e2a220c0320acdccc256ee1aa
metal.00036.wav,975f18a3c223141972c69c067dd27e118b3039306306ae1de7f7e2091c2deafd
reggae.00079.wav,2a55f98eba7ac802f233dca974a4d3b7f2197f9cb07cd8cfe80194397ed919b8
reggae.00024.wav,acc7829691ef0c51cfa7c7da4aec68a90f27339ac44f6f63b0aefd7c093a1746
rock.00005.wav,2fd7a6352a30192e6401e28bf45a45b20365d485aa30cadd3f72299f7f8b6ffa
reggae.00086.wav,a0af0e5276e0e4204519d7c66a537fc8dd267f9283bf146d12d11f8c68ba5d1f
pop.00095.wav,1363a5943963b7459cdab3401874d2a4d8d74beb66e8832eb048c85486e8c699
rock.00063.wav,2664d6e17c22f14fefa9c75bed7cf35e753d64938eda0dd51aecfc91f3b34146
classical.00027.wav,6180ec8014d27116ec0ab95d08748f62f522398141c52e2d0c9231285a74305b
rock.00092.wav,f251ad479daaa2226e87e7dea4c0ae9b68b78868b82b226064628a65300e28dd
metal.00053.wav,5d533ae6b2f084e4c971981fe7031e011adfa7518ac9222b9be1f349e328ac43
metal.00064.wav,b208f62da73a46e53b196e4997303269d6a93769b84bc5d1752627d0991b08f2
classical.00011.wav,e558b18a4e160598ed9d97ae06bbf0b48164c88895dac361f46c4bb3cc3ff7b8
reggae.00094.wav,a0446aac465288a77d3725f425ec831bb71b134444292e6f8e5adc8800ba0acd
pop.00000.wav,3f28ee03acaf7732b275b6437338c50de158140943faef050c7f1fb68c0efbef
hiphop.00018.wav,48214df3d97b98461fa720d09072934af44145d2b5224865c68ccead1b298444
disco.00053.wav,7a960b72b053aad2b4600db0edeae10e7d2bd26dc999c5d6f381d7eca0230748
pop.00020.wav,79b1f54c6a97496ed44e7088a9c4b2594c71b477f38c8e1448280bc0125e18e9
reggae.00049.wav,4c6b2cbace671e8d15810d6d950c3528c8c36a09a23040e4c73c20d2af3a7387
disco.00003.wav,ff93a376c596465f8c3d1edeafdc516e4056420d89eb32442b45b82744670e85
reggae.00054.wav,f9465548a4675ebc95588eec076644d8c3495ccc1e887150c0b2d9130f92d0d8
reggae.00050.wav,80fe7e14fa06e247b02018d51059763d567039e3b69bb7fcb087b752e28b56fa
hiphop.00051.wav,2a3d07bfa375919586f04e1e24e042609b96693b80cd6751cbbdaea4ce26c633
jazz.00034.wav,d5229cacb37acac9a009ceb36b86cc4bb1a5a206b5be0dd2afc3a3a476e0d218
rock.00058.wav,4ca1938ca816b3e91f5518903c0f60ed1c7978b6060529cab2e772763ab50a1e
reggae.00074.wav,f0fc9062497e42aabd23137b1aebc34611cb629a41adcbf9a87e10b882aa164c
reggae.00003.wav,335b059ae097c785bc6228a79ef1b3f13b3e8ad2677085ec474e19099416b283
hiphop.00005.wav,0d7d9d646b3c29ad714d3651b3a7f8ca4e3a9229c1d8cbd6746cce8faf9822ee
jazz.00025.wav,cbc7e5f2c0ba0665f23fc2aa4723f7592ea81ef82612ccf17befa94d8090d800
metal.00028.wav,188f052a5ca745467e07a122b52f25d834bb1b54c4940a5be30fd25fd7567b1a
metal.00018.wav,aeda1e5f6a2438c3a892fc392e82e340871c28f46869bfefe88790d131fbd40a
pop.00048.wav,31645d284288764423498ec32b407381b7c48040c2d65ad8e9afefaee79b061b
disco.00060.wav,91a98ba0022015d1adcb7dde73984865b0557c5a2aca1f544f65ce1db8bcad45
country.00018.wav,fd81380bc999638ab3bd205f6baf39032d7638144024c0b7a332a42e5c35cf0d
rock.00095.wav,a004de328b903988899c9353b00585e93660ce96ae5e3a5de6d3b85e2ea9cb85
jazz.00084.wav,8261bf167fc3d497a8ad6f0b6093fd3cc860e28c4056f0c45fb1f9c65211848e
country.00023.wav,522fc76eab88cf2144fea2cb364b46cda385c921afe8c50595502fc7fab8ddec
pop.00058.wav,553d7da2ac2dd33b5ed7efe9ad4ff1f9635d75705207e808600671f80922c9be
reggae.00090.wav,964172909fef64d379c09f08698ca7b901bc252afd891ab32f88d057db427a2f
metal.00073.wav,be07b66df19724625822801a72296b9a259fc32495c8c54ed88956a55771a467
blues.00076.wav,0ddc118eb8d90b08a1228cab0924f20e135ade428666f35befdb6d25d2ab8802
reggae.00022.wav,27b770ccb410e9e7a228edf6a5518a27a2dfd9c8d0f73fa2889c22511cab7f5c
reggae.00031.wav,56a3c8398a17d80e5806f4b5ce917ba1ab83056e2e58fa5468bdfd70b1dbeef7
jazz.00006.wav,5cf9bbaf0292e930f74759936cef990eb447f71109d9075f8a2c010eea0eaa89
rock.00051.wav,c62c8924ef2493666648fc4f579fb19da543633ff8435473e15fda6287bdaee4
disco.00050.wav,bfeb920f27556d7208dac0246251b2b8b25abfa103f8ffcaefb7e42cb6bb1308
disco.00075.wav,51d49dfb7258f45afd7ab47845da881505b35588583864b84228a6e8991082b5
metal.00016.wav,62605801eccfd81be2b0269258c25613100d7762576119897ab0d98236cd8c48
disco.00027.wav,06784ace6d453810d887709c8ff4e96bd6ecbe6a4da04d419b2f51a4cdbb49bf
blues.00052.wav,63d1ac0728a6b504358596d253f6aec7ef715062ce867fb3f252f90e47e033e5
blues.00021.wav,9f74ddfe38dfbb8b3034e4ed9876f2bb8b44641795664341802522da4951a86f
classical.00073.wav,41c9b8ee1a1424f77dc27a0302e38f87eba376a2a2fda68bb2861fc38913817c
country.00074.wav,b3d275b9a0737dbab755e2e043e07d22baab142e5deca7464ad4052ce9c5e9c0
classical.00036.wav,ea071f760905434719ccf05376028836b085e7b361ca3a0791de48a2b27bf917
country.00016.wav,7537fb0cde5f837c7aa4e86709a4d396f6163939330ef119699b5037bf951f38
classical.00032.wav,798a74dfcaa54a880c50a6e08841ea1e14f495db0aabed22a2da68230fbd8dc5
rock.00021.wav,f578669ed03e0b38ce52175a115c0774a91ceb432ec05e8160c3f09718aae6d8
reggae.00042.wav,3bf843d17e4186b7510ed5fec9f7191f92d1ac9d02898472932d5e8a9b7d670d
reggae.00055.wav,4dc87245086adf97581eb483a413f2fd073c090d2ae3674283bc364bd0a1d740
disco.00068.wav,8717dd3a1f82644cec6dbcd3ea03d61370fd9507a81b189afae680369dfaa090
blues.00063.wav,ae969b47506f8b9f27d775d01b354ec4dc264d82fe4e0d8552e832b4de13b283
jazz.00009.wav,d9d17c3ea4ec79948563dc297b7604afa928f1cbfcdfbb306201f267360c3f03
rock.00074.wav,fcedbe1f0ee4b99f9fbcdc5ca4c08790a8a3a77416e3133f06fd518a8bea0bd9
reggae.00060.wav,ee5b22e461ee780b9d713c8c49d59b4728ed7151d45b6ce9e63fdf172fff4a36
classical.00033.wav,4c1290af1bf66e6bc7c98c3e937aaa6e4a09a4392d37f2a5873fc6fa2d24e249
metal.00038.wav,136d2d7bb6249155406a9b508b9b662694dc68782c6dd51b42a1805141e0817e
hiphop.00015.wav,e768b30b74f64722f4def4a7361181009c363c7ff23d6c3e11744ab5dce14b19
metal.00060.wav,6673351b5fe7339dc1bdf99d92981449f6b3dd4fd81e892d3ed846b9b75c6d38
blues.00087.wav,e32044987e534b425a964de24d85d58bd6aa16bb21afa6f685a1f4c272151f21
disco.00090.wav,db1464470819ef8c4ac579a986611f30bab8af4fdf5d03157b92128aa66f5f8a
metal.00088.wav,66ebcd7a51fe96870881da293091303cf4866aa08763c3f372255192d9187e23
hiphop.00062.wav,ab5a069e8c97e639472d99a8c0ee20a5189cae3d641c692381082bb7d155f831
rock.00069.wav,040c1de63233fd34f851185f9b71daa49f84ec2438ead81cd914f94c59d79b7d
jazz.00078.wav,eafb622a0f13756e4a3c46d761377e4770455378ecd82b464a1febcf62c47ca9
rock.00003.wav,aa7536977b3d58258a4bd84757a0eb30b0113d7171ac36134c5f1cddacedee15
country.00095.wav,0f17b8421bd8edb94111b99ec568e5a4a335a0551ff0500a9fd9575172ac8d27
disco.00018.wav,43fe5c64d3d76cdb2b36c475509effbf5f2a78420b896c3c2d86cb32451221a2
country.00090.wav,fd8cb34d813082c9af7d8574ac330b2da8e4d958f36a02f9a690e8ec17c8fff8
disco.00020.wav,b30ccad83ed865297676bbae337478586f4f60d67d8c6c4091faea916e88e0ab
reggae.00098.wav,4a60be69036fbf5d827259c9cce0a037a6ffd50caff62d51327e5822fd9d5add
jazz.00011.wav,18e5949f4e89b7dcd14fa82c71b57ee509fb114175bf9327a5418fbd41d928fe
blues.00032.wav,2198bfb254ac7e1eb795661c73cc85c2dbbc79c77edf2d9bc26e8e317612f791
disco.00085.wav,96c4c0bc77784fa71a6d6a2afd6ccdb496f5c04fbd4459d4890e7b30760e6e1a
blues.00088.wav,ce24b2af0f3a1e01b4957fabe10a16ce48ab37a9cb2ce17212b1b6fc359c02d2
country.00068.wav,941983e6ca8b481ef632210ca18e329ff559c5b7eabc52436f5de7810c728ae8
hiphop.00029.wav,739fcdd799b5ef56fbb96de42bab9065088081e595608af69e2746085199cb78
hiphop.00007.wav,9a79d59745cd01aedc7227b11a09b93693e5fb70818fda1de88b65febbce6aa1
blues.00029.wav,a181cdc4b6852cddb0ec18b218f04ca7d6aae2294eef245733b847fce58c810f
classical.00047.wav,3ba06460c246f2517b093f94721b08252abaf5a95b269b93dbf43cc64224a35b
hiphop.00052.wav,ea91b022be3067ed38e18ee77c7c60f14b8b5509bddce191938f024c5eecb1b8
pop.00098.wav,2a9d6014201dec85f0948ca7b763dbaa26e092f7c23901716ed3913622acc944
classical.00096.wav,08ef920b22c6fdee2730c75fb0437c3b0ddffccbd509199335a2764dfd070cd6
classical.00081.wav,892f02bad636815a9e6005671d8786d28bf174fe3bbeed579c204cbe5cde9011
blues.00083.wav,d994c4b9c77971a5dccdc114fc7449ff1b04ccda424f91a4d147c6afa793ba05
rock.00087.wav,0549a6d1b2abd9eb34185ec37c5df1572c5df4e7f09facd385e03b6ce39b95c5
blues.00002.wav,2ee18ebafb37a3404397720a1d1342ffd0e19565224fe3ba59c9265f2526a92a
metal.00030.wav,ef6503843d2e16e149b05c8e6aadc72dce7440f203826e4c0344034fbebb1686
jazz.00091.wav,c0f7d8e80974b4f3ac5845cb26eda97f41301bd23a9902124ef0b2cbd68db200
classical.00007.wav,a7cedfc74748c1a91919b716379be6d32545454a5f22f6d9456857e8330ed76b
blues.00093.wav,5933f9ed9a357ac641acdaa76cccb6bd232b11e9e95f88a94c8ecd261d3d0815
disco.00058.wav,04d634cfc12c9acf1cb3b43ffcbdf143e5683bb42910bbd2f00edfa79416000a
disco.00063.wav,7115935985716b8360dc350f1cf7d8961b5f0ce4e5aca9b5a07ffaf5833857d6
hiphop.00059.wav,01efb46665b838123aa0cab28dcebab7702dbdce72966c72f3f89c9bb024c3c5
jazz.00001.wav,4e8d62ebbfbf29b6d5f7ecbdea9a79177222704e16dba0e3a501a027fdea7c90
reggae.00026.wav,c408a85d767964bae64a34af6d45ea30e2e580e0e0d0fa12bec5c59c249c1a88
rock.00020.wav,080134338b6ba8f088e9eeef533791da2172aeca0dc59d4e6cfc641222b806c8
rock.00052.wav,2d41eebabd61bf2424c36247014e305e565e2b158b422744ec4e0a29d33d249b
country.00091.wav,e9c1742a2dab1d37006d8fbdae4155502aeb11874537b5c6c065085cd8a1e527
pop.00084.wav,3a039d41e537a6b79573f074fd9c997bc8a4c82676e26959131038b0f4f25df8
blues.00060.wav,c72b844f02eeeee565744b1020401d196f5b7325ead1db909d70019325d47986
metal.00069.wav,f96ea203018c6554175834aababee2f231acab27157c94ec5686c66b63baa08b
jazz.00072.wav,c7bf4379acb35d4c3cea6a60fd0ef12e3e53e289fc1b27d9f4f21a1d392c49bc
blues.00059.wav,b4ae87b1ce27250e74f188c403a7cf744b247ba2331df165701c2b04fce9268a
rock.00032.wav,fa8b0d7d2b2304039a42f12f4bddfcf57ef86abac520fa8171de257594e8ec28
pop.00085.wav,d025c1bcf11e765f61c183ad118a212c15fd978e712bd8b002e27798d3608623
classical.00062.wav,489880db2fe4c6740db5f28e45431e7249c3c59db6e4203810a107d621f7a593
pop.00004.wav,25c4d6b576269fb94307da6dca93664dca4c7d9aaabbfd9e8269ac8696c4a595
hiphop.00093.wav,080943f555c74b30187401b254fd268b72391567946190411dffd588f2b20746
country.00067.wav,38cf6488dc343ddf8bb41450fe9b14f3ad7de28568ef83e3b44c853d5a7c3e15
disco.00029.wav,79dbd95b13fd0220786733ed571734dcfc955237d18db93fe2c170b3642cc476
metal.00007.wav,c11607d33ea2341c58c45f195cb9a562b7e81e892b399c010798cc8514f5a1ce
hiphop.00004.wav,4d1fea2b39a7d4589a585050db699503af59ebbbeaedf3a8f3aa894d5ed57c50
rock.00083.wav,0f2335aafc996383a4f409a1a0400a3442de68cfba8133715b88a89547ab4357
hiphop.00046.wav,691e3a91b276691fc913360e251ed2e5aed155bd042d4d30932c89c247111eb2
classical.00004.wav,66029d26a05c5322dcc7b341bc0e2aa20c9756b68d655e6145113d9d1a368c7e
pop.00017.wav,2b1563ac8027cc6fe41b22c7ccf152b9923148d213064c579f2d44bd926c7c73
metal.00070.wav,6f220d33493cdde9d6b267079f55207a5e3f6cfecb581a5f634fa0e03b1aa80c
country.00096.wav,35b77af200059d3de739b79559a84980f15f062ae9c101147f64b9bf42ad0ea0
jazz.00028.wav,c6f7c3b0d46e802cd8b98757d3995a0a8a402e2b96e6069fc52ef5bb5a25b103
country.00001.wav,e33e5e03de72bae531e359bf01005578f10a0d6b7677b35f1adac3d43e13c994
hiphop.00067.wav,4efbb454e2bc073596055bd7d77830d0d3c4aa4a0a92e92483144501d6ef0817
classical.00097.wav,4fc4c1b70a880fbef60345c28a3b9aeb6099051f8dbaea7ad1a1b6141e517813
pop.00062.wav,bbe44a35ea4c71b364b4a173062fb9e50e726196886a7244f84d94cb31f6c6d3
pop.00026.wav,f3df5a42064c6a228249a6fa5ffd3bde39d22a92fd09d9f24715c6dd2edb4216
hiphop.00057.wav,1152e98c15f222c972f4f6426fa53586775097c6e599c4165c7faf3d20c0db60
country.00037.wav,03a7d88511d7a51ce9cc483b6b74fc486a9617d56d17a5aad55177915378b2e5
country.00069.wav,56a322de19939b9258176f3b37cb5eb7d7d4b2f904ef276188b8e30a98bb981c
classical.00006.wav,81742bfd431396cf3cc4c89caaed0df2bbd54fa7e85ff94634425f2b5bf9b038
rock.00061.wav,4e58956484365cebbc62b77e364a92548e50ad3edb1863257b998588a1f8ab5b
country.00089.wav,de68f15a3d2cd4ed5d44cacf064892035b179f84714b30ec23ff38627c045021
