genre,filter,gain_db,level_control,n,mean_hiphop_probability_change,mean_original_prediction_probability_change
blues,bandpass_2000_6000,-12,rms_matched,20,-3.084207128267735e-05,-0.06872768774628639
blues,bandpass_2000_6000,-12,unmatched,20,-3.084207128267735e-05,-0.06872768774628639
blues,bandpass_2000_6000,-6,rms_matched,20,0.0009482137771556154,-0.0430850513279438
blues,bandpass_2000_6000,-6,unmatched,20,0.0009482137771556154,-0.0430850513279438
blues,bandpass_2000_6000,0,rms_matched,20,-4.720641300082206e-09,-1.0430812835693359e-08
blues,bandpass_2000_6000,0,unmatched,20,0.0,0.0
blues,bandpass_2000_6000,6,rms_matched,20,0.0008019905653782189,0.008591103553771972
blues,bandpass_2000_6000,6,unmatched,20,0.0008019905653782189,0.008591103553771972
blues,bandpass_2000_6000,12,rms_matched,20,0.0028893827373394744,-0.031692101061344145
blues,bandpass_2000_6000,12,unmatched,20,0.0028893827373394744,-0.031692101061344145
blues,lowpass_250,-12,rms_matched,20,-0.0016102446868899278,-0.06855182647705078
blues,lowpass_250,-12,unmatched,20,-0.0016102446868899278,-0.06855182647705078
blues,lowpass_250,-6,rms_matched,20,-0.0017316169221885502,-0.04710536077618599
blues,lowpass_250,-6,unmatched,20,-0.0017316169221885502,-0.04710536077618599
blues,lowpass_250,0,rms_matched,20,-4.720641300082206e-09,-1.0430812835693359e-08
blues,lowpass_250,0,unmatched,20,0.0,0.0
blues,lowpass_250,6,rms_matched,20,0.004844365248573013,-0.005147229135036469
blues,lowpass_250,6,unmatched,20,0.004844365248573013,-0.005147229135036469
blues,lowpass_250,12,rms_matched,20,0.004963544517522678,0.0013683252036571503
blues,lowpass_250,12,unmatched,20,0.004963544517522678,0.0013683252036571503
blues,original,0,none,20,0.0,0.0
classical,bandpass_2000_6000,-12,rms_matched,20,-0.0012862822506576777,0.011040256917476654
classical,bandpass_2000_6000,-12,unmatched,20,-0.0012862822506576777,0.011040256917476654
classical,bandpass_2000_6000,-6,rms_matched,20,-0.0009123252006247639,0.013355514407157898
classical,bandpass_2000_6000,-6,unmatched,20,-0.0009123252006247639,0.013355514407157898
classical,bandpass_2000_6000,0,rms_matched,20,3.7252902984619143e-10,-3.2782554626464846e-08
classical,bandpass_2000_6000,0,unmatched,20,0.0,0.0
classical,bandpass_2000_6000,6,rms_matched,20,0.002127156825736165,-0.03547955378890037
classical,bandpass_2000_6000,6,unmatched,20,0.002127156825736165,-0.03547955378890037
classical,bandpass_2000_6000,12,rms_matched,20,0.005859697470441461,-0.11230002567172051
classical,bandpass_2000_6000,12,unmatched,20,0.005859697470441461,-0.11230002567172051
classical,lowpass_250,-12,rms_matched,20,0.0001449846662580967,0.0023973405361175535
classical,lowpass_250,-12,unmatched,20,0.0001449846662580967,0.0023973405361175535
classical,lowpass_250,-6,rms_matched,20,-8.453510235995054e-05,0.007648579776287079
classical,lowpass_250,-6,unmatched,20,-8.453510235995054e-05,0.007648579776287079
classical,lowpass_250,0,rms_matched,20,3.7252902984619143e-10,-3.2782554626464846e-08
classical,lowpass_250,0,unmatched,20,0.0,0.0
classical,lowpass_250,6,rms_matched,20,0.0010402400977909565,-0.008234883844852447
classical,lowpass_250,6,unmatched,20,0.0010402400977909565,-0.008234883844852447
classical,lowpass_250,12,rms_matched,20,0.0016121348831802606,-0.03311399221420288
classical,lowpass_250,12,unmatched,20,0.0016121348831802606,-0.03311399221420288
classical,original,0,none,20,0.0,0.0
country,bandpass_2000_6000,-12,rms_matched,20,-0.0030617393844295294,-0.14755919724702835
country,bandpass_2000_6000,-12,unmatched,20,-0.0030617393844295294,-0.14755919724702835
country,bandpass_2000_6000,-6,rms_matched,20,-0.0011469839519122615,-0.05727867782115936
country,bandpass_2000_6000,-6,unmatched,20,-0.0011469839519122615,-0.05727867782115936
country,bandpass_2000_6000,0,rms_matched,20,4.656612873077393e-10,-6.258487701416016e-08
country,bandpass_2000_6000,0,unmatched,20,0.0,0.0
country,bandpass_2000_6000,6,rms_matched,20,0.0018675974977668374,-0.014421048760414123
country,bandpass_2000_6000,6,unmatched,20,0.0018675974977668374,-0.014421048760414123
country,bandpass_2000_6000,12,rms_matched,20,0.005700101924594492,-0.19189371466636657
country,bandpass_2000_6000,12,unmatched,20,0.005700101924594492,-0.19189371466636657
country,lowpass_250,-12,rms_matched,20,0.001186409970978275,-0.03837615847587585
country,lowpass_250,-12,unmatched,20,0.001186409970978275,-0.03837615847587585
country,lowpass_250,-6,rms_matched,20,0.00021238997869659214,-0.00809088796377182
country,lowpass_250,-6,unmatched,20,0.00021238997869659214,-0.00809088796377182
country,lowpass_250,0,rms_matched,20,4.656612873077393e-10,-6.258487701416016e-08
country,lowpass_250,0,unmatched,20,0.0,0.0
country,lowpass_250,6,rms_matched,20,0.003241724491817877,-0.06938088983297348
country,lowpass_250,6,unmatched,20,0.003241724491817877,-0.06938088983297348
country,lowpass_250,12,rms_matched,20,0.007565487187821418,-0.2531159847974777
country,lowpass_250,12,unmatched,20,0.007565487187821418,-0.2531159847974777
country,original,0,none,20,0.0,0.0
disco,bandpass_2000_6000,-12,rms_matched,20,-0.039545351250671955,0.0031035825610160827
disco,bandpass_2000_6000,-12,unmatched,20,-0.039545351250671955,0.0031035825610160827
disco,bandpass_2000_6000,-6,rms_matched,20,-0.0211431860081575,0.026364950835704802
disco,bandpass_2000_6000,-6,unmatched,20,-0.0211431860081575,0.026364950835704802
disco,bandpass_2000_6000,0,rms_matched,20,-5.471520125865936e-09,-3.129243850708008e-08
disco,bandpass_2000_6000,0,unmatched,20,0.0,0.0
disco,bandpass_2000_6000,6,rms_matched,20,0.01827992193520913,-0.07336914762854577
disco,bandpass_2000_6000,6,unmatched,20,0.01827992193520913,-0.07336914762854577
disco,bandpass_2000_6000,12,rms_matched,20,0.02932427828636719,-0.20305131673812865
disco,bandpass_2000_6000,12,unmatched,20,0.02932427828636719,-0.20305131673812865
disco,lowpass_250,-12,rms_matched,20,-0.02353655272981996,0.001472190022468567
disco,lowpass_250,-12,unmatched,20,-0.02353655272981996,0.001472190022468567
disco,lowpass_250,-6,rms_matched,20,-0.018485153739311498,0.01550292745232582
disco,lowpass_250,-6,unmatched,20,-0.018485153739311498,0.01550292745232582
disco,lowpass_250,0,rms_matched,20,-5.471520125865936e-09,-3.129243850708008e-08
disco,lowpass_250,0,unmatched,20,0.0,0.0
disco,lowpass_250,6,rms_matched,20,0.028520579193718733,-0.05698283463716507
disco,lowpass_250,6,unmatched,20,0.028520579193718733,-0.05698283463716507
disco,lowpass_250,12,rms_matched,20,0.05949577291030437,-0.14458653926849366
disco,lowpass_250,12,unmatched,20,0.05949577291030437,-0.14458653926849366
disco,original,0,none,20,0.0,0.0
hiphop,bandpass_2000_6000,-12,rms_matched,20,-0.16330582946538924,-0.16400596648454666
hiphop,bandpass_2000_6000,-12,unmatched,20,-0.16330582946538924,-0.16400596648454666
hiphop,bandpass_2000_6000,-6,rms_matched,20,-0.07404480949044227,-0.07403151020407676
hiphop,bandpass_2000_6000,-6,unmatched,20,-0.07404480949044227,-0.07403151020407676
hiphop,bandpass_2000_6000,0,rms_matched,20,5.066394805908203e-08,5.066394805908203e-08
hiphop,bandpass_2000_6000,0,unmatched,20,0.0,0.0
hiphop,bandpass_2000_6000,6,rms_matched,20,0.00899403765797615,0.005697805434465408
hiphop,bandpass_2000_6000,6,unmatched,20,0.00899403765797615,0.005697805434465408
hiphop,bandpass_2000_6000,12,rms_matched,20,-0.05062812715768814,-0.059565698355436326
hiphop,bandpass_2000_6000,12,unmatched,20,-0.05062812715768814,-0.059565698355436326
hiphop,lowpass_250,-12,rms_matched,20,-0.14554547965526582,-0.14704232513904572
hiphop,lowpass_250,-12,unmatched,20,-0.14554547965526582,-0.14704232513904572
hiphop,lowpass_250,-6,rms_matched,20,-0.0773556500673294,-0.07795183286070824
hiphop,lowpass_250,-6,unmatched,20,-0.0773556500673294,-0.07795183286070824
hiphop,lowpass_250,0,rms_matched,20,5.066394805908203e-08,5.066394805908203e-08
hiphop,lowpass_250,0,unmatched,20,0.0,0.0
hiphop,lowpass_250,6,rms_matched,20,0.03165534362196922,0.02865595892071724
hiphop,lowpass_250,6,unmatched,20,0.03165534362196922,0.02865595892071724
hiphop,lowpass_250,12,rms_matched,20,0.02401772141456604,0.012743339687585831
hiphop,lowpass_250,12,unmatched,20,0.02401772141456604,0.012743339687585831
hiphop,original,0,none,20,0.0,0.0
jazz,bandpass_2000_6000,-12,rms_matched,19,-0.0018505263754999952,-0.10502126342371891
jazz,bandpass_2000_6000,-12,unmatched,19,-0.0018505263754999952,-0.10502126342371891
jazz,bandpass_2000_6000,-6,rms_matched,19,-0.0013053793625562992,-0.043580517172813416
jazz,bandpass_2000_6000,-6,unmatched,19,-0.0013053793625562992,-0.043580517172813416
jazz,bandpass_2000_6000,0,rms_matched,19,2.3283064365386963e-09,-5.64675582082648e-08
jazz,bandpass_2000_6000,0,unmatched,19,0.0,0.0
jazz,bandpass_2000_6000,6,rms_matched,19,0.004394259312998895,-0.01132270772206156
jazz,bandpass_2000_6000,6,unmatched,19,0.004394259312998895,-0.01132270772206156
jazz,bandpass_2000_6000,12,rms_matched,19,0.009246634359250924,-0.08876255311464008
jazz,bandpass_2000_6000,12,unmatched,19,0.009246634359250924,-0.08876255311464008
jazz,lowpass_250,-12,rms_matched,19,0.001142779415730681,0.018551048479582135
jazz,lowpass_250,-12,unmatched,19,0.001142779415730681,0.018551048479582135
jazz,lowpass_250,-6,rms_matched,19,0.00016741643010295535,0.020262423314546283
jazz,lowpass_250,-6,unmatched,19,0.00016741643010295535,0.020262423314546283
jazz,lowpass_250,0,rms_matched,19,2.3283064365386963e-09,-5.64675582082648e-08
jazz,lowpass_250,0,unmatched,19,0.0,0.0
jazz,lowpass_250,6,rms_matched,19,0.0029721373606375174,-0.08157595050962348
jazz,lowpass_250,6,unmatched,19,0.0029721373606375174,-0.08157595050962348
jazz,lowpass_250,12,rms_matched,19,0.008490737846219227,-0.20973954388969823
jazz,lowpass_250,12,unmatched,19,0.008490737846219227,-0.20973954388969823
jazz,original,0,none,19,0.0,0.0
metal,bandpass_2000_6000,-12,rms_matched,20,-0.005488263099687174,-0.4344449520111084
metal,bandpass_2000_6000,-12,unmatched,20,-0.005488263099687174,-0.4344449520111084
metal,bandpass_2000_6000,-6,rms_matched,20,0.000308456679340452,-0.1908337265253067
metal,bandpass_2000_6000,-6,unmatched,20,0.000308456679340452,-0.1908337265253067
metal,bandpass_2000_6000,0,rms_matched,20,-2.8929207473993303e-09,-5.960464477539063e-09
metal,bandpass_2000_6000,0,unmatched,20,0.0,0.0
metal,bandpass_2000_6000,6,rms_matched,20,-0.0047950058651622385,0.021487104892730712
metal,bandpass_2000_6000,6,unmatched,20,-0.0047950058651622385,0.021487104892730712
metal,bandpass_2000_6000,12,rms_matched,20,-0.007323217921657488,0.03566772937774658
metal,bandpass_2000_6000,12,unmatched,20,-0.007323217921657488,0.03566772937774658
metal,lowpass_250,-12,rms_matched,20,0.0005026866914704442,-0.12909006625413894
metal,lowpass_250,-12,unmatched,20,0.0005026866914704442,-0.12909006625413894
metal,lowpass_250,-6,rms_matched,20,-0.0014154753705952316,-0.06293026953935624
metal,lowpass_250,-6,unmatched,20,-0.0014154753705952316,-0.06293026953935624
metal,lowpass_250,0,rms_matched,20,-2.8929207473993303e-09,-5.960464477539063e-09
metal,lowpass_250,0,unmatched,20,0.0,0.0
metal,lowpass_250,6,rms_matched,20,0.014325533423107117,-0.021472196280956268
metal,lowpass_250,6,unmatched,20,0.014325533423107117,-0.021472196280956268
metal,lowpass_250,12,rms_matched,20,0.03706087786704302,-0.14774481058120728
metal,lowpass_250,12,unmatched,20,0.03706087786704302,-0.14774481058120728
metal,original,0,none,20,0.0,0.0
pop,bandpass_2000_6000,-12,rms_matched,20,-0.02765604268060997,0.09057288840413094
pop,bandpass_2000_6000,-12,unmatched,20,-0.02765604268060997,0.09057288840413094
pop,bandpass_2000_6000,-6,rms_matched,20,-0.017816623998805882,0.0729730561375618
pop,bandpass_2000_6000,-6,unmatched,20,-0.017816623998805882,0.0729730561375618
pop,bandpass_2000_6000,0,rms_matched,20,-9.313225746154786e-11,7.450580596923828e-09
pop,bandpass_2000_6000,0,unmatched,20,0.0,0.0
pop,bandpass_2000_6000,6,rms_matched,20,0.03355648296419531,-0.1681847892701626
pop,bandpass_2000_6000,6,unmatched,20,0.03355648296419531,-0.1681847892701626
pop,bandpass_2000_6000,12,rms_matched,20,0.07525156543124467,-0.35205405205488205
pop,bandpass_2000_6000,12,unmatched,20,0.07525156543124467,-0.35205405205488205
pop,lowpass_250,-12,rms_matched,20,-0.001173883059527725,-0.0420715756714344
pop,lowpass_250,-12,unmatched,20,-0.001173883059527725,-0.0420715756714344
pop,lowpass_250,-6,rms_matched,20,-0.002952241478487849,-0.026032707095146178
pop,lowpass_250,-6,unmatched,20,-0.002952241478487849,-0.026032707095146178
pop,lowpass_250,0,rms_matched,20,-9.313225746154786e-11,7.450580596923828e-09
pop,lowpass_250,0,unmatched,20,0.0,0.0
pop,lowpass_250,6,rms_matched,20,0.015461747907102108,-0.01034405678510666
pop,lowpass_250,6,unmatched,20,0.015461747907102108,-0.01034405678510666
pop,lowpass_250,12,rms_matched,20,0.06951518605928868,-0.09223612695932389
pop,lowpass_250,12,unmatched,20,0.06951518605928868,-0.09223612695932389
pop,original,0,none,20,0.0,0.0
reggae,bandpass_2000_6000,-12,rms_matched,20,-0.01567736462020548,-0.10179089084267616
reggae,bandpass_2000_6000,-12,unmatched,20,-0.01567736462020548,-0.10179089084267616
reggae,bandpass_2000_6000,-6,rms_matched,20,-0.007436459894233849,-0.044276218861341476
reggae,bandpass_2000_6000,-6,unmatched,20,-0.007436459894233849,-0.044276218861341476
reggae,bandpass_2000_6000,0,rms_matched,20,-3.725290298461914e-09,4.0233135223388675e-08
reggae,bandpass_2000_6000,0,unmatched,20,0.0,0.0
reggae,bandpass_2000_6000,6,rms_matched,20,0.010020759353938046,0.02167513594031334
reggae,bandpass_2000_6000,6,unmatched,20,0.010020759353938046,0.02167513594031334
reggae,bandpass_2000_6000,12,rms_matched,20,0.02282776646752609,0.001400657743215561
reggae,bandpass_2000_6000,12,unmatched,20,0.02282776646752609,0.001400657743215561
reggae,lowpass_250,-12,rms_matched,20,-0.011487040673091541,-0.06346393302083016
reggae,lowpass_250,-12,unmatched,20,-0.011487040673091541,-0.06346393302083016
reggae,lowpass_250,-6,rms_matched,20,-0.008706866356078535,-0.024046136438846587
reggae,lowpass_250,-6,unmatched,20,-0.008706866356078535,-0.024046136438846587
reggae,lowpass_250,0,rms_matched,20,-3.725290298461914e-09,4.0233135223388675e-08
reggae,lowpass_250,0,unmatched,20,0.0,0.0
reggae,lowpass_250,6,rms_matched,20,0.009712273663899396,-0.007453514635562897
reggae,lowpass_250,6,unmatched,20,0.009712273663899396,-0.007453514635562897
reggae,lowpass_250,12,rms_matched,20,0.029187811841256916,-0.07737156003713608
reggae,lowpass_250,12,unmatched,20,0.029187811841256916,-0.07737156003713608
reggae,original,0,none,20,0.0,0.0
rock,bandpass_2000_6000,-12,rms_matched,20,-0.01377009399002418,0.12066491842269897
rock,bandpass_2000_6000,-12,unmatched,20,-0.01377009399002418,0.12066491842269897
rock,bandpass_2000_6000,-6,rms_matched,20,-0.008057190515683033,0.08380906879901887
rock,bandpass_2000_6000,-6,unmatched,20,-0.008057190515683033,0.08380906879901887
rock,bandpass_2000_6000,0,rms_matched,20,5.806214176118374e-09,-4.470348358154297e-08
rock,bandpass_2000_6000,0,unmatched,20,0.0,0.0
rock,bandpass_2000_6000,6,rms_matched,20,0.005539975099964067,-0.09201570376753807
rock,bandpass_2000_6000,6,unmatched,20,0.005539975099964067,-0.09201570376753807
rock,bandpass_2000_6000,12,rms_matched,20,0.010137143451720476,-0.18916136175394058
rock,bandpass_2000_6000,12,unmatched,20,0.010137143451720476,-0.18916136175394058
rock,lowpass_250,-12,rms_matched,20,0.00022569434950128197,-0.08492867201566696
rock,lowpass_250,-12,unmatched,20,0.00022569434950128197,-0.08492867201566696
rock,lowpass_250,-6,rms_matched,20,0.0008064876805292442,-0.04988824352622032
rock,lowpass_250,-6,unmatched,20,0.0008064876805292442,-0.04988824352622032
rock,lowpass_250,0,rms_matched,20,5.806214176118374e-09,-4.470348358154297e-08
rock,lowpass_250,0,unmatched,20,0.0,0.0
rock,lowpass_250,6,rms_matched,20,0.005530141334747896,-0.0006706684827804566
rock,lowpass_250,6,unmatched,20,0.005530141334747896,-0.0006706684827804566
rock,lowpass_250,12,rms_matched,20,0.02026349028456025,-0.09164062291383743
rock,lowpass_250,12,unmatched,20,0.02026349028456025,-0.09164062291383743
rock,original,0,none,20,0.0,0.0
