genre,subgroup,filter,gain_db,n,mean_delta_hiphop_probability,median_delta_hiphop_probability,hiphop_predictions,changed_predictions
blues,all,bandpass_2000_6000,-12,20,-3.084207128266534e-05,-0.0011163321905769,0,3
blues,all,bandpass_2000_6000,-6,20,0.000948213777155625,-0.0006774031789973,0,3
blues,all,bandpass_2000_6000,0,20,0.0,0.0,0,0
blues,all,bandpass_2000_6000,6,20,0.0008019905653781883,0.00085526879411185,0,1
blues,all,bandpass_2000_6000,12,20,0.0028893827373394597,0.00101909574004815,0,3
blues,all,lowpass_250,-12,20,-0.0016102446868899248,3.808569454124999e-05,0,2
blues,all,lowpass_250,-6,20,-0.0017316169221885454,-3.7423451431100005e-05,0,2
blues,all,lowpass_250,0,20,0.0,0.0,0,0
blues,all,lowpass_250,6,20,0.00484436524857301,0.0005073969659860999,0,1
blues,all,lowpass_250,12,20,0.00496354451752265,0.00298183423001315,0,2
blues,initially_correct,bandpass_2000_6000,-12,19,0.00031116271795902017,-0.0009733352344483,0,2
blues,initially_correct,bandpass_2000_6000,-6,19,0.001253854155564984,-0.0006389666814357,0,2
blues,initially_correct,bandpass_2000_6000,0,19,0.0,0.0,0,0
blues,initially_correct,bandpass_2000_6000,6,19,0.00040957622082999284,0.0007739018183201,0,1
blues,initially_correct,bandpass_2000_6000,12,19,0.0022388273562108474,0.0002498619141988,0,3
blues,initially_correct,lowpass_250,-12,19,-0.0016121135114716629,0.0003723499830812,0,2
blues,initially_correct,lowpass_250,-6,19,-0.0017623516216285896,0.0001781419850885,0,2
blues,initially_correct,lowpass_250,0,19,0.0,0.0,0,0
blues,initially_correct,lowpass_250,6,19,0.0049521608161740005,0.0003875500988215,0,1
blues,initially_correct,lowpass_250,12,19,0.004407378005501053,0.0027911616489291,0,2
classical,all,bandpass_2000_6000,-12,20,-0.001286282250657679,-0.00038021779619155,0,0
classical,all,bandpass_2000_6000,-6,20,-0.0009123252006247449,-0.00044806557707485,0,0
classical,all,bandpass_2000_6000,0,20,0.0,0.0,0,0
classical,all,bandpass_2000_6000,6,20,0.0021271568257361304,0.00111301755532615,0,1
classical,all,bandpass_2000_6000,12,20,0.005859697470441421,0.0037738760001956497,0,2
classical,all,lowpass_250,-12,20,0.00014498466625808396,-1.6990117728710175e-05,0,0
classical,all,lowpass_250,-6,20,-8.45351023599449e-05,-2.3522414267048735e-05,0,0
classical,all,lowpass_250,0,20,0.0,0.0,0,0
classical,all,lowpass_250,6,20,0.0010402400977909594,0.00031002564355729254,0,0
classical,all,lowpass_250,12,20,0.00161213488318026,0.00037349318154155,0,2
classical,initially_correct,bandpass_2000_6000,-12,20,-0.001286282250657679,-0.00038021779619155,0,0
classical,initially_correct,bandpass_2000_6000,-6,20,-0.0009123252006247449,-0.00044806557707485,0,0
classical,initially_correct,bandpass_2000_6000,0,20,0.0,0.0,0,0
classical,initially_correct,bandpass_2000_6000,6,20,0.0021271568257361304,0.00111301755532615,0,1
classical,initially_correct,bandpass_2000_6000,12,20,0.005859697470441421,0.0037738760001956497,0,2
classical,initially_correct,lowpass_250,-12,20,0.00014498466625808396,-1.6990117728710175e-05,0,0
classical,initially_correct,lowpass_250,-6,20,-8.45351023599449e-05,-2.3522414267048735e-05,0,0
classical,initially_correct,lowpass_250,0,20,0.0,0.0,0,0
classical,initially_correct,lowpass_250,6,20,0.0010402400977909594,0.00031002564355729254,0,0
classical,initially_correct,lowpass_250,12,20,0.00161213488318026,0.00037349318154155,0,2
country,all,bandpass_2000_6000,-12,20,-0.003061739384429546,0.00125501188449555,0,2
country,all,bandpass_2000_6000,-6,20,-0.001146983951912275,0.0004125069826841,0,1
country,all,bandpass_2000_6000,0,20,0.0,0.0,0,0
country,all,bandpass_2000_6000,6,20,0.00186759749776682,0.00070736662019035,0,0
country,all,bandpass_2000_6000,12,20,0.005700101924594464,0.0025802627205848,0,4
country,all,lowpass_250,-12,20,0.001186409970978265,0.0005220910534262,0,2
country,all,lowpass_250,-6,20,0.00021238997869660136,8.273895946331322e-05,0,1
country,all,lowpass_250,0,20,0.0,0.0,0,0
country,all,lowpass_250,6,20,0.0032417244918178543,0.0017227281350642,0,2
country,all,lowpass_250,12,20,0.007565487187821379,0.006139511708170099,0,6
country,initially_correct,bandpass_2000_6000,-12,15,-0.0004953393790250334,0.0016893092542886,0,2
country,initially_correct,bandpass_2000_6000,-6,15,0.0004322434038233997,0.0007151528261601,0,1
country,initially_correct,bandpass_2000_6000,0,15,0.0,0.0,0,0
country,initially_correct,bandpass_2000_6000,6,15,0.0007650738349184269,0.0003446675837039,0,0
country,initially_correct,bandpass_2000_6000,12,15,0.0046016953885555,0.0024654306471347,0,4
country,initially_correct,lowpass_250,-12,15,-0.00031697296071797945,0.0001503890380263,0,1
country,initially_correct,lowpass_250,-6,15,-0.0010098405764438047,-0.0001388974487781,0,0
country,initially_correct,lowpass_250,0,15,0.0,0.0,0,0
country,initially_correct,lowpass_250,6,15,0.0037436231582735533,0.0025592222809791,0,2
country,initially_correct,lowpass_250,12,15,0.010077507498984494,0.0084577975794672,0,5
disco,all,bandpass_2000_6000,-12,20,-0.03954535125067191,-0.0034363724989816,1,3
disco,all,bandpass_2000_6000,-6,20,-0.02114318600815747,-0.0022432070691138,1,2
disco,all,bandpass_2000_6000,0,20,0.0,0.0,1,0
disco,all,bandpass_2000_6000,6,20,0.018279921935209092,0.0048999169375747,3,3
disco,all,bandpass_2000_6000,12,20,0.02932427828636716,0.01110553927719585,3,7
disco,all,lowpass_250,-12,20,-0.023536552729819936,-0.0001438697217963,1,1
disco,all,lowpass_250,-6,20,-0.018485153739311484,-0.00026677851565179997,1,1
disco,all,lowpass_250,0,20,0.0,0.0,1,0
disco,all,lowpass_250,6,20,0.02852057919371871,0.00359727873001245,3,3
disco,all,lowpass_250,12,20,0.05949577291030437,0.01284090848639605,4,5
disco,initially_correct,bandpass_2000_6000,-12,13,-0.027226204350042162,-0.001965511823073,0,1
disco,initially_correct,bandpass_2000_6000,-6,13,-0.016215678282326066,-0.0012398671824485,0,1
disco,initially_correct,bandpass_2000_6000,0,13,0.0,0.0,0,0
disco,initially_correct,bandpass_2000_6000,6,13,0.01643177325520526,0.0041679451242089,1,1
disco,initially_correct,bandpass_2000_6000,12,13,0.02782860391800144,0.0098264850676059,1,3
disco,initially_correct,lowpass_250,-12,13,-0.01867084750875407,-0.0001366537762805,0,0
disco,initially_correct,lowpass_250,-6,13,-0.018206894889142552,-0.0006669007707387,0,0
disco,initially_correct,lowpass_250,0,13,0.0,0.0,0,0
disco,initially_correct,lowpass_250,6,13,0.027761806948826826,0.0042225774377584,1,2
disco,initially_correct,lowpass_250,12,13,0.06655689389803086,0.0221046563237905,2,3
hiphop,all,bandpass_2000_6000,-12,20,-0.1633058294653892,-0.15938909351825709,14,5
hiphop,all,bandpass_2000_6000,-6,20,-0.07404480949044226,-0.06045153737068171,17,2
hiphop,all,bandpass_2000_6000,0,20,0.0,0.0,19,0
hiphop,all,bandpass_2000_6000,6,20,0.008994037657976137,0.02205085754394525,19,0
hiphop,all,bandpass_2000_6000,12,20,-0.05062812715768813,-0.027994029223918852,16,3
hiphop,all,lowpass_250,-12,20,-0.14554547965526576,-0.09706088900566096,13,6
hiphop,all,lowpass_250,-6,20,-0.07735565006732939,-0.04955869913101195,14,5
hiphop,all,lowpass_250,0,20,0.0,0.0,19,0
hiphop,all,lowpass_250,6,20,0.03165534362196919,0.029464930295944148,19,0
hiphop,all,lowpass_250,12,20,0.024017721414566044,0.0162400305271149,19,0
hiphop,initially_correct,bandpass_2000_6000,-12,19,-0.16948244603056653,-0.1593932211399078,14,5
hiphop,initially_correct,bandpass_2000_6000,-6,19,-0.07672633858103499,-0.0678541660308837,17,2
hiphop,initially_correct,bandpass_2000_6000,0,19,0.0,0.0,19,0
hiphop,initially_correct,bandpass_2000_6000,6,19,0.007009224672066528,0.0203825235366821,19,0
hiphop,initially_correct,bandpass_2000_6000,12,19,-0.0587744830470336,-0.0282032340764999,16,3
hiphop,initially_correct,lowpass_250,-12,19,-0.15112852422814615,-0.0985292196273803,13,6
hiphop,initially_correct,lowpass_250,-6,19,-0.08047604796133541,-0.0506148338317871,14,5
hiphop,initially_correct,lowpass_250,0,19,0.0,0.0,19,0
hiphop,initially_correct,lowpass_250,6,19,0.031450837066299,0.0275112390518188,19,0
hiphop,initially_correct,lowpass_250,12,19,0.019729541320549823,-0.0020473599433898,19,0
jazz,all,bandpass_2000_6000,-12,19,-0.0018505263755000101,0.0006590071716345,0,3
jazz,all,bandpass_2000_6000,-6,19,-0.0013053793625563215,0.0002912812051363,0,2
jazz,all,bandpass_2000_6000,0,19,0.0,0.0,0,0
jazz,all,bandpass_2000_6000,6,19,0.004394259312998886,0.0001606815494596,0,1
jazz,all,bandpass_2000_6000,12,19,0.009246634359250909,0.00272196251899,0,2
jazz,all,lowpass_250,-12,19,0.001142779415730704,-0.0006916883867233,0,2
jazz,all,lowpass_250,-6,19,0.00016741643010296945,-0.0003495551645755,0,1
jazz,all,lowpass_250,0,19,0.0,0.0,0,0
jazz,all,lowpass_250,6,19,0.0029721373606374788,0.0016948077827692,0,2
jazz,all,lowpass_250,12,19,0.00849073784621919,0.0026343185454607,0,7
jazz,initially_correct,bandpass_2000_6000,-12,19,-0.0018505263755000101,0.0006590071716345,0,3
jazz,initially_correct,bandpass_2000_6000,-6,19,-0.0013053793625563215,0.0002912812051363,0,2
jazz,initially_correct,bandpass_2000_6000,0,19,0.0,0.0,0,0
jazz,initially_correct,bandpass_2000_6000,6,19,0.004394259312998886,0.0001606815494596,0,1
jazz,initially_correct,bandpass_2000_6000,12,19,0.009246634359250909,0.00272196251899,0,2
jazz,initially_correct,lowpass_250,-12,19,0.001142779415730704,-0.0006916883867233,0,2
jazz,initially_correct,lowpass_250,-6,19,0.00016741643010296945,-0.0003495551645755,0,1
jazz,initially_correct,lowpass_250,0,19,0.0,0.0,0,0
jazz,initially_correct,lowpass_250,6,19,0.0029721373606374788,0.0016948077827692,0,2
jazz,initially_correct,lowpass_250,12,19,0.00849073784621919,0.0026343185454607,0,7
metal,all,bandpass_2000_6000,-12,20,-0.00548826309968717,-0.00045904755825175,0,11
metal,all,bandpass_2000_6000,-6,20,0.00030845667934044656,0.0002872115001082295,0,4
metal,all,bandpass_2000_6000,0,20,0.0,0.0,0,0
metal,all,bandpass_2000_6000,6,20,-0.004795005865162219,-0.0016185406129807,0,2
metal,all,bandpass_2000_6000,12,20,-0.00732321792165744,-0.0030174248386174,0,2
metal,all,lowpass_250,-12,20,0.0005026866914704253,0.0021610900294035,0,4
metal,all,lowpass_250,-6,20,-0.0014154753705952565,0.0010482545476406,0,0
metal,all,lowpass_250,0,20,0.0,0.0,0,0
metal,all,lowpass_250,6,20,0.014325533423107117,0.0009797504171729001,0,0
metal,all,lowpass_250,12,20,0.03706087786704299,0.01533044688403605,0,2
metal,initially_correct,bandpass_2000_6000,-12,17,-0.004937834024210188,0.0005195378325879,0,11
metal,initially_correct,bandpass_2000_6000,-6,17,0.0015309575999922491,0.0014477265067398,0,4
metal,initially_correct,bandpass_2000_6000,0,17,0.0,0.0,0,0
metal,initially_correct,bandpass_2000_6000,6,17,-0.005087152589112487,-0.0019001900218427,0,0
metal,initially_correct,bandpass_2000_6000,12,17,-0.0070718214847146936,-0.0032011815346777,0,0
metal,initially_correct,lowpass_250,-12,17,0.0008090637240777824,0.0021886988542973,0,1
metal,initially_correct,lowpass_250,-6,17,-0.0009199191870935074,0.0009271218441426,0,0
metal,initially_correct,lowpass_250,0,17,0.0,0.0,0,0
metal,initially_correct,lowpass_250,6,17,0.01277809086776175,0.0010753171518445,0,0
metal,initially_correct,lowpass_250,12,17,0.03596577092128638,0.0195418410003185,0,2
pop,all,bandpass_2000_6000,-12,20,-0.02765604268060992,-0.0101861630100756,0,2
pop,all,bandpass_2000_6000,-6,20,-0.017816623998805823,-0.00865849060937755,1,1
pop,all,bandpass_2000_6000,0,20,0.0,0.0,1,0
pop,all,bandpass_2000_6000,6,20,0.033556482964195264,0.023272989317774703,1,2
pop,all,bandpass_2000_6000,12,20,0.07525156543124464,0.06803486496210095,1,9
pop,all,lowpass_250,-12,20,-0.0011738830595277197,0.00012171757407485,1,1
pop,all,lowpass_250,-6,20,-0.002952241478487835,-0.00031528715044255,1,1
pop,all,lowpass_250,0,20,0.0,0.0,1,0
pop,all,lowpass_250,6,20,0.015461747907102067,0.0069434437900781,1,0
pop,all,lowpass_250,12,20,0.06951518605928866,0.0486244838684797,2,3
pop,initially_correct,bandpass_2000_6000,-12,17,-0.016538834486923622,-0.0077702826820313,0,0
pop,initially_correct,bandpass_2000_6000,-6,17,-0.01265572373043083,-0.0060318373143672,0,0
pop,initially_correct,bandpass_2000_6000,0,17,0.0,0.0,0,0
pop,initially_correct,bandpass_2000_6000,6,17,0.030005116974387045,0.022008080035448,0,2
pop,initially_correct,bandpass_2000_6000,12,17,0.0727624502032995,0.0753907710313797,0,9
pop,initially_correct,lowpass_250,-12,17,-0.0027466964606633884,-0.0003377036191523,0,1
pop,initially_correct,lowpass_250,-6,17,-0.002082714920534794,-0.0001161601394414,0,1
pop,initially_correct,lowpass_250,0,17,0.0,0.0,0,0
pop,initially_correct,lowpass_250,6,17,0.016508549314868753,0.0075624343007802,0,0
pop,initially_correct,lowpass_250,12,17,0.07753264063092713,0.0508405230939388,1,2
reggae,all,bandpass_2000_6000,-12,20,-0.015677364620205476,-0.0031240828247974,0,4
reggae,all,bandpass_2000_6000,-6,20,-0.007436459894233862,0.00024810551258265,0,2
reggae,all,bandpass_2000_6000,0,20,0.0,0.0,1,0
reggae,all,bandpass_2000_6000,6,20,0.01002075935393803,4.6725093852695496e-05,1,2
reggae,all,bandpass_2000_6000,12,20,0.022827766467526073,0.00534399179741735,1,2
reggae,all,lowpass_250,-12,20,-0.011487040673091531,-0.00097239122260355,0,3
reggae,all,lowpass_250,-6,20,-0.00870686635607851,-0.00267770455684505,0,1
reggae,all,lowpass_250,0,20,0.0,0.0,1,0
reggae,all,lowpass_250,6,20,0.00971227366389937,0.00368495238944885,0,1
reggae,all,lowpass_250,12,20,0.029187811841256878,0.011783200316131049,1,3
reggae,initially_correct,bandpass_2000_6000,-12,14,-0.009808109518157207,0.0009523897315375,0,0
reggae,initially_correct,bandpass_2000_6000,-6,14,-0.00235922356660015,0.00044747116044155,0,0
reggae,initially_correct,bandpass_2000_6000,0,14,0.0,0.0,0,0
reggae,initially_correct,bandpass_2000_6000,6,14,2.0238074024996604e-05,-5.255579890217632e-05,0,0
reggae,initially_correct,bandpass_2000_6000,12,14,0.007786390244811092,0.0042850244790315,0,0
reggae,initially_correct,lowpass_250,-12,14,-0.00525452749362945,-0.00097239122260355,0,0
reggae,initially_correct,lowpass_250,-6,14,-0.004211324416766179,-0.00267770455684505,0,0
reggae,initially_correct,lowpass_250,0,14,0.0,0.0,0,0
reggae,initially_correct,lowpass_250,6,14,0.009002098865624078,0.00368495238944885,0,0
reggae,initially_correct,lowpass_250,12,14,0.0317845507192292,0.0114299347624182,0,0
rock,all,bandpass_2000_6000,-12,20,-0.01377009399002413,-0.00687454617582255,0,1
rock,all,bandpass_2000_6000,-6,20,-0.00805719051568299,-0.004196201683953351,0,1
rock,all,bandpass_2000_6000,0,20,0.0,0.0,0,0
rock,all,bandpass_2000_6000,6,20,0.005539975099964015,0.00476304907351725,0,8
rock,all,bandpass_2000_6000,12,20,0.01013714345172044,0.00724192988127465,0,10
rock,all,lowpass_250,-12,20,0.00022569434950126015,0.0017901263199746002,0,4
rock,all,lowpass_250,-6,20,0.0008064876805292153,0.0011001634411513,0,2
rock,all,lowpass_250,0,20,0.0,0.0,0,0
rock,all,lowpass_250,6,20,0.0055301413347479105,-0.0001495442411396,0,1
rock,all,lowpass_250,12,20,0.020263490284560214,0.0019165384583174501,1,6
rock,initially_correct,bandpass_2000_6000,-12,13,-0.005095872938489639,-0.0038838572800159,0,0
rock,initially_correct,bandpass_2000_6000,-6,13,-0.0035507353604770846,-0.0027444227598607,0,1
rock,initially_correct,bandpass_2000_6000,0,13,0.0,0.0,0,0
rock,initially_correct,bandpass_2000_6000,6,13,0.003691442767516292,0.0014899434754624,0,3
rock,initially_correct,bandpass_2000_6000,12,13,0.006171243695112346,0.0026348028331995,0,4
rock,initially_correct,lowpass_250,-12,13,0.0015649710459491077,0.0018890798091888,0,2
rock,initially_correct,lowpass_250,-6,13,0.001212126293327054,0.0013279560953378,0,1
rock,initially_correct,lowpass_250,0,13,0.0,0.0,0,0
rock,initially_correct,lowpass_250,6,13,0.0018850898710437844,-0.000197528861463,0,0
rock,initially_correct,lowpass_250,12,13,0.013205922343051731,0.0014456966891884,0,3
