filename,genre,shap_abs_B1,shap_signed_B1,input_B1,lime_abs_B1,shap_abs_B2,shap_signed_B2,input_B2,lime_abs_B2,shap_abs_B3,shap_signed_B3,input_B3,lime_abs_B3,shap_abs_B4,shap_signed_B4,input_B4,lime_abs_B4
blues.00020.wav,blues,0.0002688956479660609,0.00011150370114851871,0.6819323301315308,0.08248724762834744,0.00020644699654469024,9.948778561100213e-05,0.5954159498214722,0.061511348681464295,0.00017286745562191118,9.282420862820605e-06,0.4448477029800415,0.02778907993214851,0.00030919456259617445,0.0001778890257979129,0.2651526629924774,0.024532338248283565
classical.00072.wav,classical,0.00048364089685310195,0.00033158220252199887,0.7046440243721008,0.0430446531225313,0.00011802276189647447,3.295762773590765e-05,0.6478661298751831,0.04345545585537129,0.00011230971522869392,4.8752699412533684e-05,0.5067510008811951,0.026119623177161762,0.00022186665375653904,7.099127824703999e-05,0.2639067471027374,0.012273048823004729
country.00054.wav,country,0.0005876949853476088,0.000343704078861462,0.7734850645065308,0.09761868869691667,0.00013788246998795993,6.31915931797955e-05,0.6238529682159424,0.03958971819996959,0.00017845567397501246,4.2789927834472745e-05,0.4898696839809418,0.038309761467821814,0.00024900162334932875,3.646392805360593e-05,0.3820856511592865,0.023012269112694245
disco.00095.wav,disco,0.0005901834956847374,0.00023043570031733296,0.7008134126663208,0.1051302027809677,0.00022287093989803927,8.190576769718169e-05,0.5410984754562378,0.04846235401069762,0.00012172209552717917,3.501430125443128e-05,0.4642513394355774,0.024220963863326787,0.000286169139150193,0.00012616573282380264,0.339339017868042,0.05579011495814809
hiphop.00054.wav,hiphop,0.00040846512485761546,0.00022284886281060957,0.6843193769454956,0.06072143409162849,0.00022690392940595273,0.00011376298598431145,0.5256569981575012,0.09820788116780901,0.00018922608027374666,0.00010795384571420264,0.4183082580566406,0.06634727608212,0.00018710230139528002,5.517455258677017e-05,0.3191434442996979,0.04844573766418587
jazz.00079.wav,jazz,0.00045867162767962986,-7.84106164819498e-06,0.6966636776924133,0.03612734090922169,0.00020070014905042565,-2.5411342997383456e-06,0.5311809778213501,0.014253932968624705,0.00035183509315455665,0.00013561942091530165,0.4521479904651642,0.049703592367761555,0.00028752036140179335,0.00017092850354685483,0.3585604131221771,0.025731483601552422
metal.00037.wav,metal,0.000332606491446108,2.144907660464046e-05,0.7935800552368164,0.00612055538871576,0.00010043556473955106,-2.1489939219745956e-05,0.7107844352722168,0.03253870415498598,0.0001333088634114077,4.556269924696821e-05,0.653937816619873,0.044029312737003626,0.0001577286863073228,8.076807915667963e-05,0.464453786611557,0.033826453860642466
pop.00064.wav,pop,0.00039795673367752914,0.00015955343907070318,0.6022084355354309,0.011753477648617023,0.000145459406370535,1.8279267757176364e-05,0.6206046938896179,0.010880543610769464,0.00016066491159203965,4.603253205047224e-05,0.5178931951522827,0.02469318379956743,0.0005120196182909764,0.00020266942399968743,0.38093867897987366,0.06884664676530128
reggae.00015.wav,reggae,0.00048571270010692725,0.0002457110433594256,0.7269402146339417,0.05791576645881254,0.00019537885288330655,1.4016376671124182e-05,0.5779204964637756,0.023494068889157484,0.00016386859071604364,1.0123692358435243e-05,0.4477897882461548,0.019292342078181587,0.00027158079288751167,7.289383876555905e-05,0.31766974925994873,0.02452559664377771
rock.00025.wav,rock,0.0003420146613265673,-0.00010014533664293724,0.7060014009475708,0.005077581448038911,0.0001131671284001351,-4.326020522683882e-05,0.7116470336914062,0.010864724915933903,0.00013874146433774,6.957339867542204e-05,0.6581119298934937,0.024808689033500496,0.00015376611825834315,6.765612906244461e-05,0.47567662596702576,0.031040444800448246
